31,-70,CQJq3icwACxo3Zu681boOslpcvo=,ltssvKKyWKg93tba3LuIU/7wpmA=
31,-72,CQJq3icwACxo3Zu681boOslpcvo=,ltssvKKyWKg93tba3LuIU/7wpmA=
31,-71,CQJq3icwACxo3Zu681boOslpcvo=,ltssvKKyWKg93tba3LuIU/7wpmA=
31,-73,CQJq3icwACxo3Zu681boOslpcvo=,cVu82usYWFru1IJ1QMhwLb5/e0Y=
31,-69,CQJq3icwACxo3Zu681boOslpcvo=,ltssvKKyWKg93tba3LuIU/7wpmA=
27,-66,CQJq3icwACxo3Zu681boOslpcvo=,yhSThUhllIj7zHkxFu66r+9tbJk=
28,-69,CQJq3icwACxo3Zu681boOslpcvo=,ltssvKKyWKg93tba3LuIU/7wpmA=
28,-66,CQJq3icwACxo3Zu681boOslpcvo=,xA82CTtbnrJ148r3LkJ140SyEu8=
29,-66,CQJq3icwACxo3Zu681boOslpcvo=,xA82CTtbnrJ148r3LkJ140SyEu8=
28,-65,CQJq3icwACxo3Zu681boOslpcvo=,xA82CTtbnrJ148r3LkJ140SyEu8=
27,-67,CQJq3icwACxo3Zu681boOslpcvo=,yhSThUhllIj7zHkxFu66r+9tbJk=
31,-65,CQJq3icwACxo3Zu681boOslpcvo=,xA82CTtbnrJ148r3LkJ140SyEu8=
29,-67,CQJq3icwACxo3Zu681boOslpcvo=,xA82CTtbnrJ148r3LkJ140SyEu8=
30,-69,CQJq3icwACxo3Zu681boOslpcvo=,ltssvKKyWKg93tba3LuIU/7wpmA=
30,-66,CQJq3icwACxo3Zu681boOslpcvo=,xA82CTtbnrJ148r3LkJ140SyEu8=
30,-67,CQJq3icwACxo3Zu681boOslpcvo=,xA82CTtbnrJ148r3LkJ140SyEu8=
31,-68,CQJq3icwACxo3Zu681boOslpcvo=,xA82CTtbnrJ148r3LkJ140SyEu8=
30,-65,CQJq3icwACxo3Zu681boOslpcvo=,xA82CTtbnrJ148r3LkJ140SyEu8=
28,-67,CQJq3icwACxo3Zu681boOslpcvo=,xA82CTtbnrJ148r3LkJ140SyEu8=
28,-68,CQJq3icwACxo3Zu681boOslpcvo=,xA82CTtbnrJ148r3LkJ140SyEu8=
27,-68,CQJq3icwACxo3Zu681boOslpcvo=,yhSThUhllIj7zHkxFu66r+9tbJk=
29,-69,CQJq3icwACxo3Zu681boOslpcvo=,ltssvKKyWKg93tba3LuIU/7wpmA=
31,-67,CQJq3icwACxo3Zu681boOslpcvo=,xA82CTtbnrJ148r3LkJ140SyEu8=
27,-65,CQJq3icwACxo3Zu681boOslpcvo=,yhSThUhllIj7zHkxFu66r+9tbJk=
31,-66,CQJq3icwACxo3Zu681boOslpcvo=,xA82CTtbnrJ148r3LkJ140SyEu8=
29,-65,CQJq3icwACxo3Zu681boOslpcvo=,xA82CTtbnrJ148r3LkJ140SyEu8=
29,-68,CQJq3icwACxo3Zu681boOslpcvo=,xA82CTtbnrJ148r3LkJ140SyEu8=
30,-68,CQJq3icwACxo3Zu681boOslpcvo=,xA82CTtbnrJ148r3LkJ140SyEu8=
27,-69,CQJq3icwACxo3Zu681boOslpcvo=,ltssvKKyWKg93tba3LuIU/7wpmA=
1,-95,4KZD7ujo8wX071NeIi0HLVtKZXc=,UDqfcQrgpmKujwjXlWcXD3N7FKg=
2,-95,4KZD7ujo8wX071NeIi0HLVtKZXc=,UDqfcQrgpmKujwjXlWcXD3N7FKg=
2,-94,4KZD7ujo8wX071NeIi0HLVtKZXc=,UDqfcQrgpmKujwjXlWcXD3N7FKg=
1,-94,4KZD7ujo8wX071NeIi0HLVtKZXc=,UDqfcQrgpmKujwjXlWcXD3N7FKg=
3,-95,4KZD7ujo8wX071NeIi0HLVtKZXc=,UDqfcQrgpmKujwjXlWcXD3N7FKg=
4,-95,4KZD7ujo8wX071NeIi0HLVtKZXc=,RAzRxXIA2HIChngukHfEyOXtzvc=
4,-94,4KZD7ujo8wX071NeIi0HLVtKZXc=,RAzRxXIA2HIChngukHfEyOXtzvc=
3,-94,4KZD7ujo8wX071NeIi0HLVtKZXc=,UDqfcQrgpmKujwjXlWcXD3N7FKg=
4,-86,4KZD7ujo8wX071NeIi0HLVtKZXc=,FK7a6+nz7lz8pq2pA46DTWrOWaw=
4,-87,4KZD7ujo8wX071NeIi0HLVtKZXc=,FK7a6+nz7lz8pq2pA46DTWrOWaw=
1,-87,4KZD7ujo8wX071NeIi0HLVtKZXc=,MtgTm+R7IfmBvwoh98gc73PhcxM=
2,-87,4KZD7ujo8wX071NeIi0HLVtKZXc=,MtgTm+R7IfmBvwoh98gc73PhcxM=
3,-87,4KZD7ujo8wX071NeIi0HLVtKZXc=,MtgTm+R7IfmBvwoh98gc73PhcxM=
1,-86,4KZD7ujo8wX071NeIi0HLVtKZXc=,MtgTm+R7IfmBvwoh98gc73PhcxM=
2,-86,4KZD7ujo8wX071NeIi0HLVtKZXc=,MtgTm+R7IfmBvwoh98gc73PhcxM=
3,-86,4KZD7ujo8wX071NeIi0HLVtKZXc=,MtgTm+R7IfmBvwoh98gc73PhcxM=
4,-92,4KZD7ujo8wX071NeIi0HLVtKZXc=,OYYNY85dQnG7SJf+vU32z4tccVo=
1,-89,4KZD7ujo8wX071NeIi0HLVtKZXc=,+IUmNeRmGojNGdo0jgKHZxpOoDI=
4,-90,4KZD7ujo8wX071NeIi0HLVtKZXc=,OYYNY85dQnG7SJf+vU32z4tccVo=
2,-89,4KZD7ujo8wX071NeIi0HLVtKZXc=,+IUmNeRmGojNGdo0jgKHZxpOoDI=
4,-88,4KZD7ujo8wX071NeIi0HLVtKZXc=,FK7a6+nz7lz8pq2pA46DTWrOWaw=
1,-91,4KZD7ujo8wX071NeIi0HLVtKZXc=,+IUmNeRmGojNGdo0jgKHZxpOoDI=
4,-91,4KZD7ujo8wX071NeIi0HLVtKZXc=,OYYNY85dQnG7SJf+vU32z4tccVo=
4,-89,4KZD7ujo8wX071NeIi0HLVtKZXc=,OYYNY85dQnG7SJf+vU32z4tccVo=
3,-89,4KZD7ujo8wX071NeIi0HLVtKZXc=,+IUmNeRmGojNGdo0jgKHZxpOoDI=
1,-93,4KZD7ujo8wX071NeIi0HLVtKZXc=,UDqfcQrgpmKujwjXlWcXD3N7FKg=
2,-91,4KZD7ujo8wX071NeIi0HLVtKZXc=,+IUmNeRmGojNGdo0jgKHZxpOoDI=
3,-91,4KZD7ujo8wX071NeIi0HLVtKZXc=,+IUmNeRmGojNGdo0jgKHZxpOoDI=
4,-93,4KZD7ujo8wX071NeIi0HLVtKZXc=,RAzRxXIA2HIChngukHfEyOXtzvc=
2,-88,4KZD7ujo8wX071NeIi0HLVtKZXc=,MtgTm+R7IfmBvwoh98gc73PhcxM=
2,-93,4KZD7ujo8wX071NeIi0HLVtKZXc=,UDqfcQrgpmKujwjXlWcXD3N7FKg=
1,-90,4KZD7ujo8wX071NeIi0HLVtKZXc=,+IUmNeRmGojNGdo0jgKHZxpOoDI=
3,-93,4KZD7ujo8wX071NeIi0HLVtKZXc=,UDqfcQrgpmKujwjXlWcXD3N7FKg=
3,-88,4KZD7ujo8wX071NeIi0HLVtKZXc=,MtgTm+R7IfmBvwoh98gc73PhcxM=
2,-90,4KZD7ujo8wX071NeIi0HLVtKZXc=,+IUmNeRmGojNGdo0jgKHZxpOoDI=
3,-90,4KZD7ujo8wX071NeIi0HLVtKZXc=,+IUmNeRmGojNGdo0jgKHZxpOoDI=
1,-92,4KZD7ujo8wX071NeIi0HLVtKZXc=,+IUmNeRmGojNGdo0jgKHZxpOoDI=
2,-92,4KZD7ujo8wX071NeIi0HLVtKZXc=,+IUmNeRmGojNGdo0jgKHZxpOoDI=
0,-90,4KZD7ujo8wX071NeIi0HLVtKZXc=,+IUmNeRmGojNGdo0jgKHZxpOoDI=
3,-92,4KZD7ujo8wX071NeIi0HLVtKZXc=,+IUmNeRmGojNGdo0jgKHZxpOoDI=
1,-88,4KZD7ujo8wX071NeIi0HLVtKZXc=,MtgTm+R7IfmBvwoh98gc73PhcxM=
0,-86,4KZD7ujo8wX071NeIi0HLVtKZXc=,MtgTm+R7IfmBvwoh98gc73PhcxM=
0,-91,4KZD7ujo8wX071NeIi0HLVtKZXc=,+IUmNeRmGojNGdo0jgKHZxpOoDI=
4,-96,4KZD7ujo8wX071NeIi0HLVtKZXc=,RAzRxXIA2HIChngukHfEyOXtzvc=
1,-96,4KZD7ujo8wX071NeIi0HLVtKZXc=,UDqfcQrgpmKujwjXlWcXD3N7FKg=
2,-96,4KZD7ujo8wX071NeIi0HLVtKZXc=,UDqfcQrgpmKujwjXlWcXD3N7FKg=
3,-96,4KZD7ujo8wX071NeIi0HLVtKZXc=,UDqfcQrgpmKujwjXlWcXD3N7FKg=
4,-81,4KZD7ujo8wX071NeIi0HLVtKZXc=,MQWlAVxYlll/Cg+tudZwYMO1+TY=
3,-82,4KZD7ujo8wX071NeIi0HLVtKZXc=,0U6dVssbHaAQsdwL+fiSgIV6b50=
3,-81,4KZD7ujo8wX071NeIi0HLVtKZXc=,0U6dVssbHaAQsdwL+fiSgIV6b50=
0,-95,4KZD7ujo8wX071NeIi0HLVtKZXc=,UDqfcQrgpmKujwjXlWcXD3N7FKg=
3,-84,4KZD7ujo8wX071NeIi0HLVtKZXc=,0U6dVssbHaAQsdwL+fiSgIV6b50=
2,-81,4KZD7ujo8wX071NeIi0HLVtKZXc=,0U6dVssbHaAQsdwL+fiSgIV6b50=
0,-96,4KZD7ujo8wX071NeIi0HLVtKZXc=,UDqfcQrgpmKujwjXlWcXD3N7FKg=
4,-83,4KZD7ujo8wX071NeIi0HLVtKZXc=,MQWlAVxYlll/Cg+tudZwYMO1+TY=
2,-84,4KZD7ujo8wX071NeIi0HLVtKZXc=,0U6dVssbHaAQsdwL+fiSgIV6b50=
1,-84,4KZD7ujo8wX071NeIi0HLVtKZXc=,0U6dVssbHaAQsdwL+fiSgIV6b50=
4,-82,4KZD7ujo8wX071NeIi0HLVtKZXc=,MQWlAVxYlll/Cg+tudZwYMO1+TY=
4,-84,4KZD7ujo8wX071NeIi0HLVtKZXc=,MQWlAVxYlll/Cg+tudZwYMO1+TY=
3,-85,4KZD7ujo8wX071NeIi0HLVtKZXc=,MtgTm+R7IfmBvwoh98gc73PhcxM=
0,-88,4KZD7ujo8wX071NeIi0HLVtKZXc=,MtgTm+R7IfmBvwoh98gc73PhcxM=
3,-83,4KZD7ujo8wX071NeIi0HLVtKZXc=,0U6dVssbHaAQsdwL+fiSgIV6b50=
2,-83,4KZD7ujo8wX071NeIi0HLVtKZXc=,0U6dVssbHaAQsdwL+fiSgIV6b50=
1,-83,4KZD7ujo8wX071NeIi0HLVtKZXc=,0U6dVssbHaAQsdwL+fiSgIV6b50=
2,-85,4KZD7ujo8wX071NeIi0HLVtKZXc=,MtgTm+R7IfmBvwoh98gc73PhcxM=
4,-85,4KZD7ujo8wX071NeIi0HLVtKZXc=,FK7a6+nz7lz8pq2pA46DTWrOWaw=
1,-85,4KZD7ujo8wX071NeIi0HLVtKZXc=,MtgTm+R7IfmBvwoh98gc73PhcxM=
0,-87,4KZD7ujo8wX071NeIi0HLVtKZXc=,MtgTm+R7IfmBvwoh98gc73PhcxM=
0,-94,4KZD7ujo8wX071NeIi0HLVtKZXc=,UDqfcQrgpmKujwjXlWcXD3N7FKg=
0,-85,4KZD7ujo8wX071NeIi0HLVtKZXc=,MtgTm+R7IfmBvwoh98gc73PhcxM=
1,-82,4KZD7ujo8wX071NeIi0HLVtKZXc=,0U6dVssbHaAQsdwL+fiSgIV6b50=
0,-89,4KZD7ujo8wX071NeIi0HLVtKZXc=,+IUmNeRmGojNGdo0jgKHZxpOoDI=
1,-81,4KZD7ujo8wX071NeIi0HLVtKZXc=,0U6dVssbHaAQsdwL+fiSgIV6b50=
0,-93,4KZD7ujo8wX071NeIi0HLVtKZXc=,UDqfcQrgpmKujwjXlWcXD3N7FKg=
0,-84,4KZD7ujo8wX071NeIi0HLVtKZXc=,0U6dVssbHaAQsdwL+fiSgIV6b50=
0,-92,4KZD7ujo8wX071NeIi0HLVtKZXc=,+IUmNeRmGojNGdo0jgKHZxpOoDI=
0,-83,4KZD7ujo8wX071NeIi0HLVtKZXc=,0U6dVssbHaAQsdwL+fiSgIV6b50=
0,-81,4KZD7ujo8wX071NeIi0HLVtKZXc=,0U6dVssbHaAQsdwL+fiSgIV6b50=
0,-82,4KZD7ujo8wX071NeIi0HLVtKZXc=,0U6dVssbHaAQsdwL+fiSgIV6b50=
2,-82,4KZD7ujo8wX071NeIi0HLVtKZXc=,0U6dVssbHaAQsdwL+fiSgIV6b50=
5,-71,4KZD7ujo8wX071NeIi0HLVtKZXc=,hpFoJSSQqeGQDCh5Ybm7rFPH1FI=
6,-71,4KZD7ujo8wX071NeIi0HLVtKZXc=,hpFoJSSQqeGQDCh5Ybm7rFPH1FI=
5,-70,4KZD7ujo8wX071NeIi0HLVtKZXc=,hpFoJSSQqeGQDCh5Ybm7rFPH1FI=
6,-70,4KZD7ujo8wX071NeIi0HLVtKZXc=,hpFoJSSQqeGQDCh5Ybm7rFPH1FI=
5,-73,4KZD7ujo8wX071NeIi0HLVtKZXc=,xcRmGeMWUzyLlz2663S+x0KoL4U=
6,-73,4KZD7ujo8wX071NeIi0HLVtKZXc=,xcRmGeMWUzyLlz2663S+x0KoL4U=
1,-67,4KZD7ujo8wX071NeIi0HLVtKZXc=,RNiKe6ccrXNS0JxrZD0pQeSRDB8=
5,-72,4KZD7ujo8wX071NeIi0HLVtKZXc=,hpFoJSSQqeGQDCh5Ybm7rFPH1FI=
5,-74,4KZD7ujo8wX071NeIi0HLVtKZXc=,xcRmGeMWUzyLlz2663S+x0KoL4U=
2,-67,4KZD7ujo8wX071NeIi0HLVtKZXc=,RNiKe6ccrXNS0JxrZD0pQeSRDB8=
1,-66,4KZD7ujo8wX071NeIi0HLVtKZXc=,RNiKe6ccrXNS0JxrZD0pQeSRDB8=
2,-66,4KZD7ujo8wX071NeIi0HLVtKZXc=,RNiKe6ccrXNS0JxrZD0pQeSRDB8=
6,-72,4KZD7ujo8wX071NeIi0HLVtKZXc=,hpFoJSSQqeGQDCh5Ybm7rFPH1FI=
5,-75,4KZD7ujo8wX071NeIi0HLVtKZXc=,xcRmGeMWUzyLlz2663S+x0KoL4U=
6,-74,4KZD7ujo8wX071NeIi0HLVtKZXc=,xcRmGeMWUzyLlz2663S+x0KoL4U=
6,-75,4KZD7ujo8wX071NeIi0HLVtKZXc=,xcRmGeMWUzyLlz2663S+x0KoL4U=
4,-67,4KZD7ujo8wX071NeIi0HLVtKZXc=,w6xejDtHUc8lLvcxlFMyTNB+C1M=
5,-67,4KZD7ujo8wX071NeIi0HLVtKZXc=,w6xejDtHUc8lLvcxlFMyTNB+C1M=
6,-67,4KZD7ujo8wX071NeIi0HLVtKZXc=,w6xejDtHUc8lLvcxlFMyTNB+C1M=
4,-66,4KZD7ujo8wX071NeIi0HLVtKZXc=,w6xejDtHUc8lLvcxlFMyTNB+C1M=
4,-71,4KZD7ujo8wX071NeIi0HLVtKZXc=,hpFoJSSQqeGQDCh5Ybm7rFPH1FI=
5,-66,4KZD7ujo8wX071NeIi0HLVtKZXc=,w6xejDtHUc8lLvcxlFMyTNB+C1M=
4,-69,4KZD7ujo8wX071NeIi0HLVtKZXc=,hpFoJSSQqeGQDCh5Ybm7rFPH1FI=
1,-69,4KZD7ujo8wX071NeIi0HLVtKZXc=,hpFoJSSQqeGQDCh5Ybm7rFPH1FI=
6,-66,4KZD7ujo8wX071NeIi0HLVtKZXc=,w6xejDtHUc8lLvcxlFMyTNB+C1M=
5,-69,4KZD7ujo8wX071NeIi0HLVtKZXc=,hpFoJSSQqeGQDCh5Ybm7rFPH1FI=
6,-69,4KZD7ujo8wX071NeIi0HLVtKZXc=,hpFoJSSQqeGQDCh5Ybm7rFPH1FI=
2,-69,4KZD7ujo8wX071NeIi0HLVtKZXc=,hpFoJSSQqeGQDCh5Ybm7rFPH1FI=
3,-69,4KZD7ujo8wX071NeIi0HLVtKZXc=,hpFoJSSQqeGQDCh5Ybm7rFPH1FI=
3,-67,4KZD7ujo8wX071NeIi0HLVtKZXc=,RNiKe6ccrXNS0JxrZD0pQeSRDB8=
5,-68,4KZD7ujo8wX071NeIi0HLVtKZXc=,w6xejDtHUc8lLvcxlFMyTNB+C1M=
6,-68,4KZD7ujo8wX071NeIi0HLVtKZXc=,w6xejDtHUc8lLvcxlFMyTNB+C1M=
4,-68,4KZD7ujo8wX071NeIi0HLVtKZXc=,w6xejDtHUc8lLvcxlFMyTNB+C1M=
6,-77,4KZD7ujo8wX071NeIi0HLVtKZXc=,XtkvoUJV4B93ifxXDQ/djJ4BWPU=
5,-76,4KZD7ujo8wX071NeIi0HLVtKZXc=,xcRmGeMWUzyLlz2663S+x0KoL4U=
5,-77,4KZD7ujo8wX071NeIi0HLVtKZXc=,XtkvoUJV4B93ifxXDQ/djJ4BWPU=
6,-76,4KZD7ujo8wX071NeIi0HLVtKZXc=,xcRmGeMWUzyLlz2663S+x0KoL4U=
3,-66,4KZD7ujo8wX071NeIi0HLVtKZXc=,RNiKe6ccrXNS0JxrZD0pQeSRDB8=
4,-70,4KZD7ujo8wX071NeIi0HLVtKZXc=,hpFoJSSQqeGQDCh5Ybm7rFPH1FI=
1,-68,4KZD7ujo8wX071NeIi0HLVtKZXc=,RNiKe6ccrXNS0JxrZD0pQeSRDB8=
2,-68,4KZD7ujo8wX071NeIi0HLVtKZXc=,RNiKe6ccrXNS0JxrZD0pQeSRDB8=
3,-68,4KZD7ujo8wX071NeIi0HLVtKZXc=,RNiKe6ccrXNS0JxrZD0pQeSRDB8=
3,-70,4KZD7ujo8wX071NeIi0HLVtKZXc=,hpFoJSSQqeGQDCh5Ybm7rFPH1FI=
2,-70,4KZD7ujo8wX071NeIi0HLVtKZXc=,hpFoJSSQqeGQDCh5Ybm7rFPH1FI=
0,-67,4KZD7ujo8wX071NeIi0HLVtKZXc=,RNiKe6ccrXNS0JxrZD0pQeSRDB8=
3,-80,4KZD7ujo8wX071NeIi0HLVtKZXc=,oLrotI5WcJdvcrTmNnUMxzYrSbw=
0,-66,4KZD7ujo8wX071NeIi0HLVtKZXc=,RNiKe6ccrXNS0JxrZD0pQeSRDB8=
4,-80,4KZD7ujo8wX071NeIi0HLVtKZXc=,XtkvoUJV4B93ifxXDQ/djJ4BWPU=
2,-80,4KZD7ujo8wX071NeIi0HLVtKZXc=,oLrotI5WcJdvcrTmNnUMxzYrSbw=
3,-78,4KZD7ujo8wX071NeIi0HLVtKZXc=,oLrotI5WcJdvcrTmNnUMxzYrSbw=
2,-78,4KZD7ujo8wX071NeIi0HLVtKZXc=,oLrotI5WcJdvcrTmNnUMxzYrSbw=
0,-69,4KZD7ujo8wX071NeIi0HLVtKZXc=,hpFoJSSQqeGQDCh5Ybm7rFPH1FI=
1,-71,4KZD7ujo8wX071NeIi0HLVtKZXc=,hpFoJSSQqeGQDCh5Ybm7rFPH1FI=
0,-68,4KZD7ujo8wX071NeIi0HLVtKZXc=,RNiKe6ccrXNS0JxrZD0pQeSRDB8=
3,-79,4KZD7ujo8wX071NeIi0HLVtKZXc=,oLrotI5WcJdvcrTmNnUMxzYrSbw=
1,-70,4KZD7ujo8wX071NeIi0HLVtKZXc=,hpFoJSSQqeGQDCh5Ybm7rFPH1FI=
4,-79,4KZD7ujo8wX071NeIi0HLVtKZXc=,XtkvoUJV4B93ifxXDQ/djJ4BWPU=
8,-73,4KZD7ujo8wX071NeIi0HLVtKZXc=,+r3JssjxZEAWXMlZ4NbpKKeCZEg=
4,-78,4KZD7ujo8wX071NeIi0HLVtKZXc=,XtkvoUJV4B93ifxXDQ/djJ4BWPU=
2,-79,4KZD7ujo8wX071NeIi0HLVtKZXc=,oLrotI5WcJdvcrTmNnUMxzYrSbw=
8,-72,4KZD7ujo8wX071NeIi0HLVtKZXc=,XsHs/2BZT85Uai0m+vTRFM2mgCU=
7,-73,4KZD7ujo8wX071NeIi0HLVtKZXc=,xcRmGeMWUzyLlz2663S+x0KoL4U=
7,-71,4KZD7ujo8wX071NeIi0HLVtKZXc=,hpFoJSSQqeGQDCh5Ybm7rFPH1FI=
8,-71,4KZD7ujo8wX071NeIi0HLVtKZXc=,XsHs/2BZT85Uai0m+vTRFM2mgCU=
7,-70,4KZD7ujo8wX071NeIi0HLVtKZXc=,hpFoJSSQqeGQDCh5Ybm7rFPH1FI=
8,-70,4KZD7ujo8wX071NeIi0HLVtKZXc=,XsHs/2BZT85Uai0m+vTRFM2mgCU=
7,-72,4KZD7ujo8wX071NeIi0HLVtKZXc=,hpFoJSSQqeGQDCh5Ybm7rFPH1FI=
7,-77,4KZD7ujo8wX071NeIi0HLVtKZXc=,XtkvoUJV4B93ifxXDQ/djJ4BWPU=
8,-75,4KZD7ujo8wX071NeIi0HLVtKZXc=,+r3JssjxZEAWXMlZ4NbpKKeCZEg=
7,-74,4KZD7ujo8wX071NeIi0HLVtKZXc=,xcRmGeMWUzyLlz2663S+x0KoL4U=
7,-75,4KZD7ujo8wX071NeIi0HLVtKZXc=,xcRmGeMWUzyLlz2663S+x0KoL4U=
8,-74,4KZD7ujo8wX071NeIi0HLVtKZXc=,+r3JssjxZEAWXMlZ4NbpKKeCZEg=
1,-80,4KZD7ujo8wX071NeIi0HLVtKZXc=,oLrotI5WcJdvcrTmNnUMxzYrSbw=
7,-76,4KZD7ujo8wX071NeIi0HLVtKZXc=,xcRmGeMWUzyLlz2663S+x0KoL4U=
8,-77,4KZD7ujo8wX071NeIi0HLVtKZXc=,48thgpHkzZwe/EPfOeLI5v+0reI=
8,-76,4KZD7ujo8wX071NeIi0HLVtKZXc=,+r3JssjxZEAWXMlZ4NbpKKeCZEg=
0,-71,4KZD7ujo8wX071NeIi0HLVtKZXc=,hpFoJSSQqeGQDCh5Ybm7rFPH1FI=
0,-70,4KZD7ujo8wX071NeIi0HLVtKZXc=,hpFoJSSQqeGQDCh5Ybm7rFPH1FI=
2,-71,4KZD7ujo8wX071NeIi0HLVtKZXc=,hpFoJSSQqeGQDCh5Ybm7rFPH1FI=
1,-78,4KZD7ujo8wX071NeIi0HLVtKZXc=,oLrotI5WcJdvcrTmNnUMxzYrSbw=
3,-71,4KZD7ujo8wX071NeIi0HLVtKZXc=,hpFoJSSQqeGQDCh5Ybm7rFPH1FI=
1,-79,4KZD7ujo8wX071NeIi0HLVtKZXc=,oLrotI5WcJdvcrTmNnUMxzYrSbw=
0,-79,4KZD7ujo8wX071NeIi0HLVtKZXc=,oLrotI5WcJdvcrTmNnUMxzYrSbw=
1,-65,4KZD7ujo8wX071NeIi0HLVtKZXc=,RNiKe6ccrXNS0JxrZD0pQeSRDB8=
2,-65,4KZD7ujo8wX071NeIi0HLVtKZXc=,RNiKe6ccrXNS0JxrZD0pQeSRDB8=
8,-69,4KZD7ujo8wX071NeIi0HLVtKZXc=,XsHs/2BZT85Uai0m+vTRFM2mgCU=
9,-69,4KZD7ujo8wX071NeIi0HLVtKZXc=,XsHs/2BZT85Uai0m+vTRFM2mgCU=
11,-69,4KZD7ujo8wX071NeIi0HLVtKZXc=,XsHs/2BZT85Uai0m+vTRFM2mgCU=
10,-69,4KZD7ujo8wX071NeIi0HLVtKZXc=,XsHs/2BZT85Uai0m+vTRFM2mgCU=
8,-68,4KZD7ujo8wX071NeIi0HLVtKZXc=,w6xejDtHUc8lLvcxlFMyTNB+C1M=
9,-68,4KZD7ujo8wX071NeIi0HLVtKZXc=,w6xejDtHUc8lLvcxlFMyTNB+C1M=
10,-68,4KZD7ujo8wX071NeIi0HLVtKZXc=,w6xejDtHUc8lLvcxlFMyTNB+C1M=
8,-67,4KZD7ujo8wX071NeIi0HLVtKZXc=,w6xejDtHUc8lLvcxlFMyTNB+C1M=
9,-67,4KZD7ujo8wX071NeIi0HLVtKZXc=,w6xejDtHUc8lLvcxlFMyTNB+C1M=
11,-68,4KZD7ujo8wX071NeIi0HLVtKZXc=,w6xejDtHUc8lLvcxlFMyTNB+C1M=
10,-67,4KZD7ujo8wX071NeIi0HLVtKZXc=,w6xejDtHUc8lLvcxlFMyTNB+C1M=
11,-67,4KZD7ujo8wX071NeIi0HLVtKZXc=,w6xejDtHUc8lLvcxlFMyTNB+C1M=
8,-66,4KZD7ujo8wX071NeIi0HLVtKZXc=,w6xejDtHUc8lLvcxlFMyTNB+C1M=
12,-69,4KZD7ujo8wX071NeIi0HLVtKZXc=,XsHs/2BZT85Uai0m+vTRFM2mgCU=
9,-66,4KZD7ujo8wX071NeIi0HLVtKZXc=,w6xejDtHUc8lLvcxlFMyTNB+C1M=
10,-66,4KZD7ujo8wX071NeIi0HLVtKZXc=,w6xejDtHUc8lLvcxlFMyTNB+C1M=
11,-66,4KZD7ujo8wX071NeIi0HLVtKZXc=,w6xejDtHUc8lLvcxlFMyTNB+C1M=
12,-67,4KZD7ujo8wX071NeIi0HLVtKZXc=,yhSThUhllIj7zHkxFu66r+9tbJk=
9,-65,4KZD7ujo8wX071NeIi0HLVtKZXc=,w6xejDtHUc8lLvcxlFMyTNB+C1M=
10,-65,4KZD7ujo8wX071NeIi0HLVtKZXc=,w6xejDtHUc8lLvcxlFMyTNB+C1M=
7,-67,4KZD7ujo8wX071NeIi0HLVtKZXc=,w6xejDtHUc8lLvcxlFMyTNB+C1M=
7,-66,4KZD7ujo8wX071NeIi0HLVtKZXc=,w6xejDtHUc8lLvcxlFMyTNB+C1M=
11,-65,4KZD7ujo8wX071NeIi0HLVtKZXc=,w6xejDtHUc8lLvcxlFMyTNB+C1M=
12,-66,4KZD7ujo8wX071NeIi0HLVtKZXc=,yhSThUhllIj7zHkxFu66r+9tbJk=
7,-69,4KZD7ujo8wX071NeIi0HLVtKZXc=,hpFoJSSQqeGQDCh5Ybm7rFPH1FI=
0,-78,4KZD7ujo8wX071NeIi0HLVtKZXc=,oLrotI5WcJdvcrTmNnUMxzYrSbw=
12,-65,4KZD7ujo8wX071NeIi0HLVtKZXc=,yhSThUhllIj7zHkxFu66r+9tbJk=
12,-68,4KZD7ujo8wX071NeIi0HLVtKZXc=,yhSThUhllIj7zHkxFu66r+9tbJk=
7,-68,4KZD7ujo8wX071NeIi0HLVtKZXc=,w6xejDtHUc8lLvcxlFMyTNB+C1M=
0,-65,4KZD7ujo8wX071NeIi0HLVtKZXc=,RNiKe6ccrXNS0JxrZD0pQeSRDB8=
8,-65,4KZD7ujo8wX071NeIi0HLVtKZXc=,w6xejDtHUc8lLvcxlFMyTNB+C1M=
7,-65,4KZD7ujo8wX071NeIi0HLVtKZXc=,w6xejDtHUc8lLvcxlFMyTNB+C1M=
3,-65,4KZD7ujo8wX071NeIi0HLVtKZXc=,RNiKe6ccrXNS0JxrZD0pQeSRDB8=
6,-65,4KZD7ujo8wX071NeIi0HLVtKZXc=,w6xejDtHUc8lLvcxlFMyTNB+C1M=
5,-65,4KZD7ujo8wX071NeIi0HLVtKZXc=,w6xejDtHUc8lLvcxlFMyTNB+C1M=
4,-65,4KZD7ujo8wX071NeIi0HLVtKZXc=,w6xejDtHUc8lLvcxlFMyTNB+C1M=
0,-80,4KZD7ujo8wX071NeIi0HLVtKZXc=,oLrotI5WcJdvcrTmNnUMxzYrSbw=
4,-73,4KZD7ujo8wX071NeIi0HLVtKZXc=,xcRmGeMWUzyLlz2663S+x0KoL4U=
4,-75,4KZD7ujo8wX071NeIi0HLVtKZXc=,xcRmGeMWUzyLlz2663S+x0KoL4U=
3,-76,4KZD7ujo8wX071NeIi0HLVtKZXc=,BvAhpBJh5s9FADwsimLRmUkOgwA=
3,-74,4KZD7ujo8wX071NeIi0HLVtKZXc=,BvAhpBJh5s9FADwsimLRmUkOgwA=
4,-72,4KZD7ujo8wX071NeIi0HLVtKZXc=,hpFoJSSQqeGQDCh5Ybm7rFPH1FI=
4,-76,4KZD7ujo8wX071NeIi0HLVtKZXc=,xcRmGeMWUzyLlz2663S+x0KoL4U=
3,-77,4KZD7ujo8wX071NeIi0HLVtKZXc=,oLrotI5WcJdvcrTmNnUMxzYrSbw=
2,-76,4KZD7ujo8wX071NeIi0HLVtKZXc=,BvAhpBJh5s9FADwsimLRmUkOgwA=
4,-77,4KZD7ujo8wX071NeIi0HLVtKZXc=,XtkvoUJV4B93ifxXDQ/djJ4BWPU=
2,-77,4KZD7ujo8wX071NeIi0HLVtKZXc=,oLrotI5WcJdvcrTmNnUMxzYrSbw=
3,-75,4KZD7ujo8wX071NeIi0HLVtKZXc=,BvAhpBJh5s9FADwsimLRmUkOgwA=
3,-72,4KZD7ujo8wX071NeIi0HLVtKZXc=,hpFoJSSQqeGQDCh5Ybm7rFPH1FI=
0,-75,4KZD7ujo8wX071NeIi0HLVtKZXc=,BvAhpBJh5s9FADwsimLRmUkOgwA=
4,-74,4KZD7ujo8wX071NeIi0HLVtKZXc=,xcRmGeMWUzyLlz2663S+x0KoL4U=
0,-76,4KZD7ujo8wX071NeIi0HLVtKZXc=,BvAhpBJh5s9FADwsimLRmUkOgwA=
0,-74,4KZD7ujo8wX071NeIi0HLVtKZXc=,BvAhpBJh5s9FADwsimLRmUkOgwA=
2,-74,4KZD7ujo8wX071NeIi0HLVtKZXc=,BvAhpBJh5s9FADwsimLRmUkOgwA=
1,-77,4KZD7ujo8wX071NeIi0HLVtKZXc=,oLrotI5WcJdvcrTmNnUMxzYrSbw=
1,-76,4KZD7ujo8wX071NeIi0HLVtKZXc=,BvAhpBJh5s9FADwsimLRmUkOgwA=
1,-74,4KZD7ujo8wX071NeIi0HLVtKZXc=,BvAhpBJh5s9FADwsimLRmUkOgwA=
3,-73,4KZD7ujo8wX071NeIi0HLVtKZXc=,BvAhpBJh5s9FADwsimLRmUkOgwA=
2,-72,4KZD7ujo8wX071NeIi0HLVtKZXc=,hpFoJSSQqeGQDCh5Ybm7rFPH1FI=
2,-75,4KZD7ujo8wX071NeIi0HLVtKZXc=,BvAhpBJh5s9FADwsimLRmUkOgwA=
1,-75,4KZD7ujo8wX071NeIi0HLVtKZXc=,BvAhpBJh5s9FADwsimLRmUkOgwA=
0,-72,4KZD7ujo8wX071NeIi0HLVtKZXc=,hpFoJSSQqeGQDCh5Ybm7rFPH1FI=
1,-72,4KZD7ujo8wX071NeIi0HLVtKZXc=,hpFoJSSQqeGQDCh5Ybm7rFPH1FI=
2,-73,4KZD7ujo8wX071NeIi0HLVtKZXc=,BvAhpBJh5s9FADwsimLRmUkOgwA=
1,-73,4KZD7ujo8wX071NeIi0HLVtKZXc=,BvAhpBJh5s9FADwsimLRmUkOgwA=
0,-73,4KZD7ujo8wX071NeIi0HLVtKZXc=,BvAhpBJh5s9FADwsimLRmUkOgwA=
0,-77,4KZD7ujo8wX071NeIi0HLVtKZXc=,oLrotI5WcJdvcrTmNnUMxzYrSbw=
