27,-13,OxFYmMJmMSHCVsgvzSVAYVw5+mY=,LzLAsbrnmT7m4cJzQj+cI/t4OfE=
28,-13,OxFYmMJmMSHCVsgvzSVAYVw5+mY=,LzLAsbrnmT7m4cJzQj+cI/t4OfE=
27,-12,OxFYmMJmMSHCVsgvzSVAYVw5+mY=,LzLAsbrnmT7m4cJzQj+cI/t4OfE=
28,-12,OxFYmMJmMSHCVsgvzSVAYVw5+mY=,LzLAsbrnmT7m4cJzQj+cI/t4OfE=
26,-12,nlN6fFaC3MIWyUCM68TlcyTaroY=,LzLAsbrnmT7m4cJzQj+cI/t4OfE=
26,-13,nlN6fFaC3MIWyUCM68TlcyTaroY=,LzLAsbrnmT7m4cJzQj+cI/t4OfE=
25,-12,nlN6fFaC3MIWyUCM68TlcyTaroY=,LzLAsbrnmT7m4cJzQj+cI/t4OfE=
25,-13,nlN6fFaC3MIWyUCM68TlcyTaroY=,LzLAsbrnmT7m4cJzQj+cI/t4OfE=
23,-12,mZ8X72E5YQhR7p/p1dPs4XbYPf0=,FHA7gtMU8P4zOperxnBZQYE8f10=
24,-12,mZ8X72E5YQhR7p/p1dPs4XbYPf0=,LzLAsbrnmT7m4cJzQj+cI/t4OfE=
23,-13,mZ8X72E5YQhR7p/p1dPs4XbYPf0=,LzLAsbrnmT7m4cJzQj+cI/t4OfE=
24,-13,mZ8X72E5YQhR7p/p1dPs4XbYPf0=,LzLAsbrnmT7m4cJzQj+cI/t4OfE=
23,-15,OxFYmMJmMSHCVsgvzSVAYVw5+mY=,LzLAsbrnmT7m4cJzQj+cI/t4OfE=
22,-12,mZ8X72E5YQhR7p/p1dPs4XbYPf0=,FHA7gtMU8P4zOperxnBZQYE8f10=
23,-14,OxFYmMJmMSHCVsgvzSVAYVw5+mY=,LzLAsbrnmT7m4cJzQj+cI/t4OfE=
24,-14,OxFYmMJmMSHCVsgvzSVAYVw5+mY=,LzLAsbrnmT7m4cJzQj+cI/t4OfE=
21,-12,mZ8X72E5YQhR7p/p1dPs4XbYPf0=,LzLAsbrnmT7m4cJzQj+cI/t4OfE=
24,-15,OxFYmMJmMSHCVsgvzSVAYVw5+mY=,LzLAsbrnmT7m4cJzQj+cI/t4OfE=
21,-13,mZ8X72E5YQhR7p/p1dPs4XbYPf0=,OEUZ6ThOr+5vkfRMWXjk5/CQtAQ=
22,-13,mZ8X72E5YQhR7p/p1dPs4XbYPf0=,LzLAsbrnmT7m4cJzQj+cI/t4OfE=
22,-15,OxFYmMJmMSHCVsgvzSVAYVw5+mY=,LzLAsbrnmT7m4cJzQj+cI/t4OfE=
22,-14,OxFYmMJmMSHCVsgvzSVAYVw5+mY=,LzLAsbrnmT7m4cJzQj+cI/t4OfE=
21,-14,OxFYmMJmMSHCVsgvzSVAYVw5+mY=,OEUZ6ThOr+5vkfRMWXjk5/CQtAQ=
21,-15,OxFYmMJmMSHCVsgvzSVAYVw5+mY=,LzLAsbrnmT7m4cJzQj+cI/t4OfE=
19,-12,OxFYmMJmMSHCVsgvzSVAYVw5+mY=,LzLAsbrnmT7m4cJzQj+cI/t4OfE=
20,-12,OxFYmMJmMSHCVsgvzSVAYVw5+mY=,LzLAsbrnmT7m4cJzQj+cI/t4OfE=
19,-14,OxFYmMJmMSHCVsgvzSVAYVw5+mY=,LzLAsbrnmT7m4cJzQj+cI/t4OfE=
20,-14,OxFYmMJmMSHCVsgvzSVAYVw5+mY=,OEUZ6ThOr+5vkfRMWXjk5/CQtAQ=
20,-15,OxFYmMJmMSHCVsgvzSVAYVw5+mY=,LzLAsbrnmT7m4cJzQj+cI/t4OfE=
20,-13,OxFYmMJmMSHCVsgvzSVAYVw5+mY=,OEUZ6ThOr+5vkfRMWXjk5/CQtAQ=
19,-15,OxFYmMJmMSHCVsgvzSVAYVw5+mY=,LzLAsbrnmT7m4cJzQj+cI/t4OfE=
19,-13,OxFYmMJmMSHCVsgvzSVAYVw5+mY=,LzLAsbrnmT7m4cJzQj+cI/t4OfE=
18,-12,OxFYmMJmMSHCVsgvzSVAYVw5+mY=,LzLAsbrnmT7m4cJzQj+cI/t4OfE=
17,-12,OxFYmMJmMSHCVsgvzSVAYVw5+mY=,LzLAsbrnmT7m4cJzQj+cI/t4OfE=
18,-13,OxFYmMJmMSHCVsgvzSVAYVw5+mY=,LzLAsbrnmT7m4cJzQj+cI/t4OfE=
17,-13,OxFYmMJmMSHCVsgvzSVAYVw5+mY=,hSmM/Eq/f5H6gzeTDh0XZAvhNY4=
18,-10,WA4KYGUNXnihXuJ4Ldv8mebIs1U=,rEqHdT6sMUzoNQg+47yTNb+mKlw=
17,-10,WA4KYGUNXnihXuJ4Ldv8mebIs1U=,Pd7FaJLIVfVQHoH9r0EjZqndhXs=
18,-11,WA4KYGUNXnihXuJ4Ldv8mebIs1U=,LzLAsbrnmT7m4cJzQj+cI/t4OfE=
17,-11,WA4KYGUNXnihXuJ4Ldv8mebIs1U=,LzLAsbrnmT7m4cJzQj+cI/t4OfE=
18,-8,XMV+T/J359L+M6KuRYKamVX+JDI=,Ati+OjMYQNKt3xl0dFhD/xcj+JI=
17,-9,XMV+T/J359L+M6KuRYKamVX+JDI=,Pd7FaJLIVfVQHoH9r0EjZqndhXs=
17,-8,XMV+T/J359L+M6KuRYKamVX+JDI=,XaTVG3uLdONAUECVXYmRWBSDSFg=
18,-9,XMV+T/J359L+M6KuRYKamVX+JDI=,rEqHdT6sMUzoNQg+47yTNb+mKlw=
17,-6,WA4KYGUNXnihXuJ4Ldv8mebIs1U=,TWygq1QduiqkJhvtwwJ1GmzDm9M=
18,-6,WA4KYGUNXnihXuJ4Ldv8mebIs1U=,YXR6lsTDR4z/E+kwyYs/v/6dZWU=
18,-7,WA4KYGUNXnihXuJ4Ldv8mebIs1U=,Ati+OjMYQNKt3xl0dFhD/xcj+JI=
17,-7,WA4KYGUNXnihXuJ4Ldv8mebIs1U=,XaTVG3uLdONAUECVXYmRWBSDSFg=
20,-6,WA4KYGUNXnihXuJ4Ldv8mebIs1U=,LzLAsbrnmT7m4cJzQj+cI/t4OfE=
20,-7,WA4KYGUNXnihXuJ4Ldv8mebIs1U=,kH8k19yPYafGUQ/UENOEM6x7PU0=
19,-6,WA4KYGUNXnihXuJ4Ldv8mebIs1U=,YXR6lsTDR4z/E+kwyYs/v/6dZWU=
19,-7,WA4KYGUNXnihXuJ4Ldv8mebIs1U=,Ati+OjMYQNKt3xl0dFhD/xcj+JI=
19,-4,WA4KYGUNXnihXuJ4Ldv8mebIs1U=,BYwTit8HdV2JO/BVU5e0smzQxUE=
20,-5,WA4KYGUNXnihXuJ4Ldv8mebIs1U=,LzLAsbrnmT7m4cJzQj+cI/t4OfE=
20,-4,WA4KYGUNXnihXuJ4Ldv8mebIs1U=,LzLAsbrnmT7m4cJzQj+cI/t4OfE=
19,-5,WA4KYGUNXnihXuJ4Ldv8mebIs1U=,YXR6lsTDR4z/E+kwyYs/v/6dZWU=
19,-2,WA4KYGUNXnihXuJ4Ldv8mebIs1U=,IebgSATW9ogyK00/EUMNtyCPQcQ=
20,-2,WA4KYGUNXnihXuJ4Ldv8mebIs1U=,LzLAsbrnmT7m4cJzQj+cI/t4OfE=
20,-3,WA4KYGUNXnihXuJ4Ldv8mebIs1U=,LzLAsbrnmT7m4cJzQj+cI/t4OfE=
19,-3,WA4KYGUNXnihXuJ4Ldv8mebIs1U=,BYwTit8HdV2JO/BVU5e0smzQxUE=
22,-3,nlN6fFaC3MIWyUCM68TlcyTaroY=,LzLAsbrnmT7m4cJzQj+cI/t4OfE=
22,-2,nlN6fFaC3MIWyUCM68TlcyTaroY=,LzLAsbrnmT7m4cJzQj+cI/t4OfE=
21,-2,nlN6fFaC3MIWyUCM68TlcyTaroY=,LzLAsbrnmT7m4cJzQj+cI/t4OfE=
21,-3,nlN6fFaC3MIWyUCM68TlcyTaroY=,LzLAsbrnmT7m4cJzQj+cI/t4OfE=
23,-3,nlN6fFaC3MIWyUCM68TlcyTaroY=,LzLAsbrnmT7m4cJzQj+cI/t4OfE=
26,-3,nlN6fFaC3MIWyUCM68TlcyTaroY=,LzLAsbrnmT7m4cJzQj+cI/t4OfE=
23,-2,nlN6fFaC3MIWyUCM68TlcyTaroY=,LzLAsbrnmT7m4cJzQj+cI/t4OfE=
24,-2,nlN6fFaC3MIWyUCM68TlcyTaroY=,LzLAsbrnmT7m4cJzQj+cI/t4OfE=
25,-2,nlN6fFaC3MIWyUCM68TlcyTaroY=,LzLAsbrnmT7m4cJzQj+cI/t4OfE=
26,-2,nlN6fFaC3MIWyUCM68TlcyTaroY=,LzLAsbrnmT7m4cJzQj+cI/t4OfE=
24,-3,nlN6fFaC3MIWyUCM68TlcyTaroY=,LzLAsbrnmT7m4cJzQj+cI/t4OfE=
25,-3,nlN6fFaC3MIWyUCM68TlcyTaroY=,LzLAsbrnmT7m4cJzQj+cI/t4OfE=
28,-11,OxFYmMJmMSHCVsgvzSVAYVw5+mY=,LzLAsbrnmT7m4cJzQj+cI/t4OfE=
27,-11,OxFYmMJmMSHCVsgvzSVAYVw5+mY=,LzLAsbrnmT7m4cJzQj+cI/t4OfE=
28,-10,OxFYmMJmMSHCVsgvzSVAYVw5+mY=,LzLAsbrnmT7m4cJzQj+cI/t4OfE=
27,-10,OxFYmMJmMSHCVsgvzSVAYVw5+mY=,LzLAsbrnmT7m4cJzQj+cI/t4OfE=
27,-9,nlN6fFaC3MIWyUCM68TlcyTaroY=,LzLAsbrnmT7m4cJzQj+cI/t4OfE=
27,-8,nlN6fFaC3MIWyUCM68TlcyTaroY=,LzLAsbrnmT7m4cJzQj+cI/t4OfE=
28,-8,nlN6fFaC3MIWyUCM68TlcyTaroY=,LzLAsbrnmT7m4cJzQj+cI/t4OfE=
28,-9,nlN6fFaC3MIWyUCM68TlcyTaroY=,LzLAsbrnmT7m4cJzQj+cI/t4OfE=
26,-10,nlN6fFaC3MIWyUCM68TlcyTaroY=,LzLAsbrnmT7m4cJzQj+cI/t4OfE=
25,-8,nlN6fFaC3MIWyUCM68TlcyTaroY=,LzLAsbrnmT7m4cJzQj+cI/t4OfE=
26,-9,nlN6fFaC3MIWyUCM68TlcyTaroY=,LzLAsbrnmT7m4cJzQj+cI/t4OfE=
25,-10,nlN6fFaC3MIWyUCM68TlcyTaroY=,LzLAsbrnmT7m4cJzQj+cI/t4OfE=
26,-8,nlN6fFaC3MIWyUCM68TlcyTaroY=,LzLAsbrnmT7m4cJzQj+cI/t4OfE=
25,-9,nlN6fFaC3MIWyUCM68TlcyTaroY=,LzLAsbrnmT7m4cJzQj+cI/t4OfE=
26,-11,nlN6fFaC3MIWyUCM68TlcyTaroY=,LzLAsbrnmT7m4cJzQj+cI/t4OfE=
25,-11,nlN6fFaC3MIWyUCM68TlcyTaroY=,LzLAsbrnmT7m4cJzQj+cI/t4OfE=
24,-8,mZ8X72E5YQhR7p/p1dPs4XbYPf0=,LzLAsbrnmT7m4cJzQj+cI/t4OfE=
23,-8,mZ8X72E5YQhR7p/p1dPs4XbYPf0=,p+Yez3F1TD6HXgxFXtSmWWzaVFs=
23,-11,mZ8X72E5YQhR7p/p1dPs4XbYPf0=,FHA7gtMU8P4zOperxnBZQYE8f10=
23,-9,mZ8X72E5YQhR7p/p1dPs4XbYPf0=,Co9NVxCQwKtK7HpsKng0NtLmnic=
23,-10,mZ8X72E5YQhR7p/p1dPs4XbYPf0=,Co9NVxCQwKtK7HpsKng0NtLmnic=
24,-10,mZ8X72E5YQhR7p/p1dPs4XbYPf0=,LzLAsbrnmT7m4cJzQj+cI/t4OfE=
24,-9,mZ8X72E5YQhR7p/p1dPs4XbYPf0=,LzLAsbrnmT7m4cJzQj+cI/t4OfE=
24,-11,mZ8X72E5YQhR7p/p1dPs4XbYPf0=,LzLAsbrnmT7m4cJzQj+cI/t4OfE=
20,-1,WA4KYGUNXnihXuJ4Ldv8mebIs1U=,LzLAsbrnmT7m4cJzQj+cI/t4OfE=
19,-1,WA4KYGUNXnihXuJ4Ldv8mebIs1U=,IebgSATW9ogyK00/EUMNtyCPQcQ=
22,-4,nlN6fFaC3MIWyUCM68TlcyTaroY=,LzLAsbrnmT7m4cJzQj+cI/t4OfE=
22,-1,OxFYmMJmMSHCVsgvzSVAYVw5+mY=,LzLAsbrnmT7m4cJzQj+cI/t4OfE=
21,-6,mZ8X72E5YQhR7p/p1dPs4XbYPf0=,LzLAsbrnmT7m4cJzQj+cI/t4OfE=
23,-1,OxFYmMJmMSHCVsgvzSVAYVw5+mY=,LzLAsbrnmT7m4cJzQj+cI/t4OfE=
21,-1,OxFYmMJmMSHCVsgvzSVAYVw5+mY=,LzLAsbrnmT7m4cJzQj+cI/t4OfE=
24,-1,OxFYmMJmMSHCVsgvzSVAYVw5+mY=,LzLAsbrnmT7m4cJzQj+cI/t4OfE=
22,-7,mZ8X72E5YQhR7p/p1dPs4XbYPf0=,p+Yez3F1TD6HXgxFXtSmWWzaVFs=
21,-5,nlN6fFaC3MIWyUCM68TlcyTaroY=,LzLAsbrnmT7m4cJzQj+cI/t4OfE=
21,-4,nlN6fFaC3MIWyUCM68TlcyTaroY=,LzLAsbrnmT7m4cJzQj+cI/t4OfE=
21,-7,mZ8X72E5YQhR7p/p1dPs4XbYPf0=,kH8k19yPYafGUQ/UENOEM6x7PU0=
22,-5,nlN6fFaC3MIWyUCM68TlcyTaroY=,LzLAsbrnmT7m4cJzQj+cI/t4OfE=
22,-8,mZ8X72E5YQhR7p/p1dPs4XbYPf0=,p+Yez3F1TD6HXgxFXtSmWWzaVFs=
16,-6,WA4KYGUNXnihXuJ4Ldv8mebIs1U=,TWygq1QduiqkJhvtwwJ1GmzDm9M=
26,-5,nlN6fFaC3MIWyUCM68TlcyTaroY=,LzLAsbrnmT7m4cJzQj+cI/t4OfE=
22,-11,mZ8X72E5YQhR7p/p1dPs4XbYPf0=,FHA7gtMU8P4zOperxnBZQYE8f10=
19,-9,WA4KYGUNXnihXuJ4Ldv8mebIs1U=,rEqHdT6sMUzoNQg+47yTNb+mKlw=
24,-6,mZ8X72E5YQhR7p/p1dPs4XbYPf0=,LzLAsbrnmT7m4cJzQj+cI/t4OfE=
21,-9,mZ8X72E5YQhR7p/p1dPs4XbYPf0=,CD+WOlptFf4ztmlOBqElxJ705mA=
22,-6,mZ8X72E5YQhR7p/p1dPs4XbYPf0=,LzLAsbrnmT7m4cJzQj+cI/t4OfE=
16,-7,WA4KYGUNXnihXuJ4Ldv8mebIs1U=,XaTVG3uLdONAUECVXYmRWBSDSFg=
25,-6,nlN6fFaC3MIWyUCM68TlcyTaroY=,LzLAsbrnmT7m4cJzQj+cI/t4OfE=
19,-11,WA4KYGUNXnihXuJ4Ldv8mebIs1U=,LzLAsbrnmT7m4cJzQj+cI/t4OfE=
19,-8,WA4KYGUNXnihXuJ4Ldv8mebIs1U=,Ati+OjMYQNKt3xl0dFhD/xcj+JI=
23,-4,nlN6fFaC3MIWyUCM68TlcyTaroY=,LzLAsbrnmT7m4cJzQj+cI/t4OfE=
22,-9,mZ8X72E5YQhR7p/p1dPs4XbYPf0=,Co9NVxCQwKtK7HpsKng0NtLmnic=
20,-10,WA4KYGUNXnihXuJ4Ldv8mebIs1U=,CD+WOlptFf4ztmlOBqElxJ705mA=
24,-5,nlN6fFaC3MIWyUCM68TlcyTaroY=,LzLAsbrnmT7m4cJzQj+cI/t4OfE=
23,-7,mZ8X72E5YQhR7p/p1dPs4XbYPf0=,p+Yez3F1TD6HXgxFXtSmWWzaVFs=
20,-11,WA4KYGUNXnihXuJ4Ldv8mebIs1U=,LzLAsbrnmT7m4cJzQj+cI/t4OfE=
24,-7,mZ8X72E5YQhR7p/p1dPs4XbYPf0=,LzLAsbrnmT7m4cJzQj+cI/t4OfE=
23,-6,mZ8X72E5YQhR7p/p1dPs4XbYPf0=,LzLAsbrnmT7m4cJzQj+cI/t4OfE=
20,-8,WA4KYGUNXnihXuJ4Ldv8mebIs1U=,kH8k19yPYafGUQ/UENOEM6x7PU0=
25,-5,nlN6fFaC3MIWyUCM68TlcyTaroY=,LzLAsbrnmT7m4cJzQj+cI/t4OfE=
26,-7,nlN6fFaC3MIWyUCM68TlcyTaroY=,LzLAsbrnmT7m4cJzQj+cI/t4OfE=
22,-10,mZ8X72E5YQhR7p/p1dPs4XbYPf0=,Co9NVxCQwKtK7HpsKng0NtLmnic=
26,-6,nlN6fFaC3MIWyUCM68TlcyTaroY=,LzLAsbrnmT7m4cJzQj+cI/t4OfE=
21,-8,mZ8X72E5YQhR7p/p1dPs4XbYPf0=,kH8k19yPYafGUQ/UENOEM6x7PU0=
23,-5,nlN6fFaC3MIWyUCM68TlcyTaroY=,LzLAsbrnmT7m4cJzQj+cI/t4OfE=
26,-4,nlN6fFaC3MIWyUCM68TlcyTaroY=,LzLAsbrnmT7m4cJzQj+cI/t4OfE=
19,-10,WA4KYGUNXnihXuJ4Ldv8mebIs1U=,rEqHdT6sMUzoNQg+47yTNb+mKlw=
24,-4,nlN6fFaC3MIWyUCM68TlcyTaroY=,LzLAsbrnmT7m4cJzQj+cI/t4OfE=
21,-10,mZ8X72E5YQhR7p/p1dPs4XbYPf0=,CD+WOlptFf4ztmlOBqElxJ705mA=
17,-4,WA4KYGUNXnihXuJ4Ldv8mebIs1U=,C4sP2pjlIvfafOG9fpQJID73hsg=
25,-7,nlN6fFaC3MIWyUCM68TlcyTaroY=,LzLAsbrnmT7m4cJzQj+cI/t4OfE=
17,-5,WA4KYGUNXnihXuJ4Ldv8mebIs1U=,TWygq1QduiqkJhvtwwJ1GmzDm9M=
21,-11,mZ8X72E5YQhR7p/p1dPs4XbYPf0=,LzLAsbrnmT7m4cJzQj+cI/t4OfE=
25,-4,nlN6fFaC3MIWyUCM68TlcyTaroY=,LzLAsbrnmT7m4cJzQj+cI/t4OfE=
16,-4,WA4KYGUNXnihXuJ4Ldv8mebIs1U=,C4sP2pjlIvfafOG9fpQJID73hsg=
18,-4,WA4KYGUNXnihXuJ4Ldv8mebIs1U=,BYwTit8HdV2JO/BVU5e0smzQxUE=
18,-5,WA4KYGUNXnihXuJ4Ldv8mebIs1U=,YXR6lsTDR4z/E+kwyYs/v/6dZWU=
16,-5,WA4KYGUNXnihXuJ4Ldv8mebIs1U=,TWygq1QduiqkJhvtwwJ1GmzDm9M=
20,-9,WA4KYGUNXnihXuJ4Ldv8mebIs1U=,CD+WOlptFf4ztmlOBqElxJ705mA=
17,-1,WA4KYGUNXnihXuJ4Ldv8mebIs1U=,Io75lX1v4J625B861u78WZMNIw8=
16,-1,OxFYmMJmMSHCVsgvzSVAYVw5+mY=,Io75lX1v4J625B861u78WZMNIw8=
17,-2,WA4KYGUNXnihXuJ4Ldv8mebIs1U=,Io75lX1v4J625B861u78WZMNIw8=
16,-2,WA4KYGUNXnihXuJ4Ldv8mebIs1U=,Io75lX1v4J625B861u78WZMNIw8=
17,-3,WA4KYGUNXnihXuJ4Ldv8mebIs1U=,C4sP2pjlIvfafOG9fpQJID73hsg=
16,-3,WA4KYGUNXnihXuJ4Ldv8mebIs1U=,C4sP2pjlIvfafOG9fpQJID73hsg=
18,-1,WA4KYGUNXnihXuJ4Ldv8mebIs1U=,IebgSATW9ogyK00/EUMNtyCPQcQ=
18,-2,WA4KYGUNXnihXuJ4Ldv8mebIs1U=,IebgSATW9ogyK00/EUMNtyCPQcQ=
18,-3,WA4KYGUNXnihXuJ4Ldv8mebIs1U=,BYwTit8HdV2JO/BVU5e0smzQxUE=
26,-15,OxFYmMJmMSHCVsgvzSVAYVw5+mY=,LzLAsbrnmT7m4cJzQj+cI/t4OfE=
25,-14,OxFYmMJmMSHCVsgvzSVAYVw5+mY=,LzLAsbrnmT7m4cJzQj+cI/t4OfE=
25,-15,OxFYmMJmMSHCVsgvzSVAYVw5+mY=,LzLAsbrnmT7m4cJzQj+cI/t4OfE=
26,-14,OxFYmMJmMSHCVsgvzSVAYVw5+mY=,LzLAsbrnmT7m4cJzQj+cI/t4OfE=
28,-14,OxFYmMJmMSHCVsgvzSVAYVw5+mY=,LzLAsbrnmT7m4cJzQj+cI/t4OfE=
27,-15,OxFYmMJmMSHCVsgvzSVAYVw5+mY=,LzLAsbrnmT7m4cJzQj+cI/t4OfE=
27,-14,OxFYmMJmMSHCVsgvzSVAYVw5+mY=,LzLAsbrnmT7m4cJzQj+cI/t4OfE=
30,-14,OxFYmMJmMSHCVsgvzSVAYVw5+mY=,LzLAsbrnmT7m4cJzQj+cI/t4OfE=
28,-15,OxFYmMJmMSHCVsgvzSVAYVw5+mY=,LzLAsbrnmT7m4cJzQj+cI/t4OfE=
30,-15,OxFYmMJmMSHCVsgvzSVAYVw5+mY=,LzLAsbrnmT7m4cJzQj+cI/t4OfE=
29,-14,OxFYmMJmMSHCVsgvzSVAYVw5+mY=,LzLAsbrnmT7m4cJzQj+cI/t4OfE=
29,-15,OxFYmMJmMSHCVsgvzSVAYVw5+mY=,LzLAsbrnmT7m4cJzQj+cI/t4OfE=
30,-8,OxFYmMJmMSHCVsgvzSVAYVw5+mY=,LzLAsbrnmT7m4cJzQj+cI/t4OfE=
29,-9,OxFYmMJmMSHCVsgvzSVAYVw5+mY=,LzLAsbrnmT7m4cJzQj+cI/t4OfE=
30,-9,OxFYmMJmMSHCVsgvzSVAYVw5+mY=,LzLAsbrnmT7m4cJzQj+cI/t4OfE=
31,-12,OxFYmMJmMSHCVsgvzSVAYVw5+mY=,LzLAsbrnmT7m4cJzQj+cI/t4OfE=
29,-8,OxFYmMJmMSHCVsgvzSVAYVw5+mY=,LzLAsbrnmT7m4cJzQj+cI/t4OfE=
29,-10,OxFYmMJmMSHCVsgvzSVAYVw5+mY=,LzLAsbrnmT7m4cJzQj+cI/t4OfE=
30,-12,OxFYmMJmMSHCVsgvzSVAYVw5+mY=,LzLAsbrnmT7m4cJzQj+cI/t4OfE=
31,-13,OxFYmMJmMSHCVsgvzSVAYVw5+mY=,LzLAsbrnmT7m4cJzQj+cI/t4OfE=
31,-14,OxFYmMJmMSHCVsgvzSVAYVw5+mY=,LzLAsbrnmT7m4cJzQj+cI/t4OfE=
29,-11,OxFYmMJmMSHCVsgvzSVAYVw5+mY=,LzLAsbrnmT7m4cJzQj+cI/t4OfE=
31,-15,OxFYmMJmMSHCVsgvzSVAYVw5+mY=,LzLAsbrnmT7m4cJzQj+cI/t4OfE=
30,-10,OxFYmMJmMSHCVsgvzSVAYVw5+mY=,LzLAsbrnmT7m4cJzQj+cI/t4OfE=
30,-11,OxFYmMJmMSHCVsgvzSVAYVw5+mY=,LzLAsbrnmT7m4cJzQj+cI/t4OfE=
29,-12,OxFYmMJmMSHCVsgvzSVAYVw5+mY=,LzLAsbrnmT7m4cJzQj+cI/t4OfE=
30,-13,OxFYmMJmMSHCVsgvzSVAYVw5+mY=,LzLAsbrnmT7m4cJzQj+cI/t4OfE=
27,-16,OxFYmMJmMSHCVsgvzSVAYVw5+mY=,LzLAsbrnmT7m4cJzQj+cI/t4OfE=
29,-13,OxFYmMJmMSHCVsgvzSVAYVw5+mY=,LzLAsbrnmT7m4cJzQj+cI/t4OfE=
30,-16,OxFYmMJmMSHCVsgvzSVAYVw5+mY=,LzLAsbrnmT7m4cJzQj+cI/t4OfE=
18,-14,OxFYmMJmMSHCVsgvzSVAYVw5+mY=,LzLAsbrnmT7m4cJzQj+cI/t4OfE=
18,-15,OxFYmMJmMSHCVsgvzSVAYVw5+mY=,LzLAsbrnmT7m4cJzQj+cI/t4OfE=
17,-14,OxFYmMJmMSHCVsgvzSVAYVw5+mY=,hSmM/Eq/f5H6gzeTDh0XZAvhNY4=
27,-2,OxFYmMJmMSHCVsgvzSVAYVw5+mY=,LzLAsbrnmT7m4cJzQj+cI/t4OfE=
27,-3,OxFYmMJmMSHCVsgvzSVAYVw5+mY=,LzLAsbrnmT7m4cJzQj+cI/t4OfE=
26,-1,OxFYmMJmMSHCVsgvzSVAYVw5+mY=,LzLAsbrnmT7m4cJzQj+cI/t4OfE=
25,-1,OxFYmMJmMSHCVsgvzSVAYVw5+mY=,LzLAsbrnmT7m4cJzQj+cI/t4OfE=
27,-1,OxFYmMJmMSHCVsgvzSVAYVw5+mY=,LzLAsbrnmT7m4cJzQj+cI/t4OfE=
19,-16,OxFYmMJmMSHCVsgvzSVAYVw5+mY=,LzLAsbrnmT7m4cJzQj+cI/t4OfE=
26,-16,OxFYmMJmMSHCVsgvzSVAYVw5+mY=,LzLAsbrnmT7m4cJzQj+cI/t4OfE=
29,-16,OxFYmMJmMSHCVsgvzSVAYVw5+mY=,LzLAsbrnmT7m4cJzQj+cI/t4OfE=
28,-16,OxFYmMJmMSHCVsgvzSVAYVw5+mY=,LzLAsbrnmT7m4cJzQj+cI/t4OfE=
30,-7,OxFYmMJmMSHCVsgvzSVAYVw5+mY=,LzLAsbrnmT7m4cJzQj+cI/t4OfE=
30,-6,OxFYmMJmMSHCVsgvzSVAYVw5+mY=,LzLAsbrnmT7m4cJzQj+cI/t4OfE=
30,-5,OxFYmMJmMSHCVsgvzSVAYVw5+mY=,LzLAsbrnmT7m4cJzQj+cI/t4OfE=
25,-16,OxFYmMJmMSHCVsgvzSVAYVw5+mY=,LzLAsbrnmT7m4cJzQj+cI/t4OfE=
27,-4,OxFYmMJmMSHCVsgvzSVAYVw5+mY=,LzLAsbrnmT7m4cJzQj+cI/t4OfE=
16,-12,OxFYmMJmMSHCVsgvzSVAYVw5+mY=,LzLAsbrnmT7m4cJzQj+cI/t4OfE=
16,-13,OxFYmMJmMSHCVsgvzSVAYVw5+mY=,hSmM/Eq/f5H6gzeTDh0XZAvhNY4=
16,-14,OxFYmMJmMSHCVsgvzSVAYVw5+mY=,hSmM/Eq/f5H6gzeTDh0XZAvhNY4=
29,-5,OxFYmMJmMSHCVsgvzSVAYVw5+mY=,LzLAsbrnmT7m4cJzQj+cI/t4OfE=
28,-5,OxFYmMJmMSHCVsgvzSVAYVw5+mY=,LzLAsbrnmT7m4cJzQj+cI/t4OfE=
27,-5,OxFYmMJmMSHCVsgvzSVAYVw5+mY=,LzLAsbrnmT7m4cJzQj+cI/t4OfE=
20,-16,OxFYmMJmMSHCVsgvzSVAYVw5+mY=,LzLAsbrnmT7m4cJzQj+cI/t4OfE=
31,-7,OxFYmMJmMSHCVsgvzSVAYVw5+mY=,LzLAsbrnmT7m4cJzQj+cI/t4OfE=
31,-6,OxFYmMJmMSHCVsgvzSVAYVw5+mY=,LzLAsbrnmT7m4cJzQj+cI/t4OfE=
28,-7,nlN6fFaC3MIWyUCM68TlcyTaroY=,LzLAsbrnmT7m4cJzQj+cI/t4OfE=
16,-10,OxFYmMJmMSHCVsgvzSVAYVw5+mY=,Pd7FaJLIVfVQHoH9r0EjZqndhXs=
31,-5,OxFYmMJmMSHCVsgvzSVAYVw5+mY=,LzLAsbrnmT7m4cJzQj+cI/t4OfE=
29,-7,OxFYmMJmMSHCVsgvzSVAYVw5+mY=,LzLAsbrnmT7m4cJzQj+cI/t4OfE=
18,-16,OxFYmMJmMSHCVsgvzSVAYVw5+mY=,LzLAsbrnmT7m4cJzQj+cI/t4OfE=
22,-16,OxFYmMJmMSHCVsgvzSVAYVw5+mY=,LzLAsbrnmT7m4cJzQj+cI/t4OfE=
29,-6,OxFYmMJmMSHCVsgvzSVAYVw5+mY=,LzLAsbrnmT7m4cJzQj+cI/t4OfE=
27,-7,nlN6fFaC3MIWyUCM68TlcyTaroY=,LzLAsbrnmT7m4cJzQj+cI/t4OfE=
27,-6,nlN6fFaC3MIWyUCM68TlcyTaroY=,LzLAsbrnmT7m4cJzQj+cI/t4OfE=
16,-8,OxFYmMJmMSHCVsgvzSVAYVw5+mY=,XaTVG3uLdONAUECVXYmRWBSDSFg=
16,-9,OxFYmMJmMSHCVsgvzSVAYVw5+mY=,Pd7FaJLIVfVQHoH9r0EjZqndhXs=
31,-8,OxFYmMJmMSHCVsgvzSVAYVw5+mY=,LzLAsbrnmT7m4cJzQj+cI/t4OfE=
28,-6,nlN6fFaC3MIWyUCM68TlcyTaroY=,LzLAsbrnmT7m4cJzQj+cI/t4OfE=
31,-11,OxFYmMJmMSHCVsgvzSVAYVw5+mY=,LzLAsbrnmT7m4cJzQj+cI/t4OfE=
24,-16,OxFYmMJmMSHCVsgvzSVAYVw5+mY=,LzLAsbrnmT7m4cJzQj+cI/t4OfE=
31,-9,OxFYmMJmMSHCVsgvzSVAYVw5+mY=,LzLAsbrnmT7m4cJzQj+cI/t4OfE=
21,-16,OxFYmMJmMSHCVsgvzSVAYVw5+mY=,LzLAsbrnmT7m4cJzQj+cI/t4OfE=
23,-16,OxFYmMJmMSHCVsgvzSVAYVw5+mY=,LzLAsbrnmT7m4cJzQj+cI/t4OfE=
16,-11,OxFYmMJmMSHCVsgvzSVAYVw5+mY=,LzLAsbrnmT7m4cJzQj+cI/t4OfE=
31,-10,OxFYmMJmMSHCVsgvzSVAYVw5+mY=,LzLAsbrnmT7m4cJzQj+cI/t4OfE=
31,-16,OxFYmMJmMSHCVsgvzSVAYVw5+mY=,LzLAsbrnmT7m4cJzQj+cI/t4OfE=
24,-19,mZ8X72E5YQhR7p/p1dPs4XbYPf0=,LzLAsbrnmT7m4cJzQj+cI/t4OfE=
23,-18,mZ8X72E5YQhR7p/p1dPs4XbYPf0=,LzLAsbrnmT7m4cJzQj+cI/t4OfE=
23,-19,mZ8X72E5YQhR7p/p1dPs4XbYPf0=,LzLAsbrnmT7m4cJzQj+cI/t4OfE=
24,-18,mZ8X72E5YQhR7p/p1dPs4XbYPf0=,LzLAsbrnmT7m4cJzQj+cI/t4OfE=
25,-19,mZ8X72E5YQhR7p/p1dPs4XbYPf0=,LzLAsbrnmT7m4cJzQj+cI/t4OfE=
26,-18,mZ8X72E5YQhR7p/p1dPs4XbYPf0=,LzLAsbrnmT7m4cJzQj+cI/t4OfE=
26,-19,mZ8X72E5YQhR7p/p1dPs4XbYPf0=,LzLAsbrnmT7m4cJzQj+cI/t4OfE=
25,-18,mZ8X72E5YQhR7p/p1dPs4XbYPf0=,LzLAsbrnmT7m4cJzQj+cI/t4OfE=
23,-17,mZ8X72E5YQhR7p/p1dPs4XbYPf0=,LzLAsbrnmT7m4cJzQj+cI/t4OfE=
25,-17,mZ8X72E5YQhR7p/p1dPs4XbYPf0=,LzLAsbrnmT7m4cJzQj+cI/t4OfE=
24,-17,mZ8X72E5YQhR7p/p1dPs4XbYPf0=,LzLAsbrnmT7m4cJzQj+cI/t4OfE=
26,-17,mZ8X72E5YQhR7p/p1dPs4XbYPf0=,LzLAsbrnmT7m4cJzQj+cI/t4OfE=
28,-19,mZ8X72E5YQhR7p/p1dPs4XbYPf0=,LzLAsbrnmT7m4cJzQj+cI/t4OfE=
27,-18,mZ8X72E5YQhR7p/p1dPs4XbYPf0=,LzLAsbrnmT7m4cJzQj+cI/t4OfE=
28,-18,mZ8X72E5YQhR7p/p1dPs4XbYPf0=,LzLAsbrnmT7m4cJzQj+cI/t4OfE=
27,-19,mZ8X72E5YQhR7p/p1dPs4XbYPf0=,LzLAsbrnmT7m4cJzQj+cI/t4OfE=
28,-17,mZ8X72E5YQhR7p/p1dPs4XbYPf0=,LzLAsbrnmT7m4cJzQj+cI/t4OfE=
30,-18,mZ8X72E5YQhR7p/p1dPs4XbYPf0=,LzLAsbrnmT7m4cJzQj+cI/t4OfE=
27,-17,mZ8X72E5YQhR7p/p1dPs4XbYPf0=,LzLAsbrnmT7m4cJzQj+cI/t4OfE=
31,-18,mZ8X72E5YQhR7p/p1dPs4XbYPf0=,LzLAsbrnmT7m4cJzQj+cI/t4OfE=
29,-19,mZ8X72E5YQhR7p/p1dPs4XbYPf0=,LzLAsbrnmT7m4cJzQj+cI/t4OfE=
29,-18,mZ8X72E5YQhR7p/p1dPs4XbYPf0=,LzLAsbrnmT7m4cJzQj+cI/t4OfE=
18,-19,mZ8X72E5YQhR7p/p1dPs4XbYPf0=,LzLAsbrnmT7m4cJzQj+cI/t4OfE=
18,-18,mZ8X72E5YQhR7p/p1dPs4XbYPf0=,LzLAsbrnmT7m4cJzQj+cI/t4OfE=
17,-19,mZ8X72E5YQhR7p/p1dPs4XbYPf0=,xBSTu2fsxYpTEkjDU39tx9u1WZQ=
30,-17,mZ8X72E5YQhR7p/p1dPs4XbYPf0=,LzLAsbrnmT7m4cJzQj+cI/t4OfE=
28,-20,mZ8X72E5YQhR7p/p1dPs4XbYPf0=,LzLAsbrnmT7m4cJzQj+cI/t4OfE=
29,-20,mZ8X72E5YQhR7p/p1dPs4XbYPf0=,LzLAsbrnmT7m4cJzQj+cI/t4OfE=
27,-20,mZ8X72E5YQhR7p/p1dPs4XbYPf0=,LzLAsbrnmT7m4cJzQj+cI/t4OfE=
30,-20,mZ8X72E5YQhR7p/p1dPs4XbYPf0=,LzLAsbrnmT7m4cJzQj+cI/t4OfE=
18,-20,mZ8X72E5YQhR7p/p1dPs4XbYPf0=,LzLAsbrnmT7m4cJzQj+cI/t4OfE=
17,-20,mZ8X72E5YQhR7p/p1dPs4XbYPf0=,xBSTu2fsxYpTEkjDU39tx9u1WZQ=
20,-20,mZ8X72E5YQhR7p/p1dPs4XbYPf0=,LzLAsbrnmT7m4cJzQj+cI/t4OfE=
22,-20,mZ8X72E5YQhR7p/p1dPs4XbYPf0=,LzLAsbrnmT7m4cJzQj+cI/t4OfE=
19,-20,mZ8X72E5YQhR7p/p1dPs4XbYPf0=,LzLAsbrnmT7m4cJzQj+cI/t4OfE=
21,-20,mZ8X72E5YQhR7p/p1dPs4XbYPf0=,LzLAsbrnmT7m4cJzQj+cI/t4OfE=
31,-19,mZ8X72E5YQhR7p/p1dPs4XbYPf0=,LzLAsbrnmT7m4cJzQj+cI/t4OfE=
24,-20,mZ8X72E5YQhR7p/p1dPs4XbYPf0=,LzLAsbrnmT7m4cJzQj+cI/t4OfE=
25,-20,mZ8X72E5YQhR7p/p1dPs4XbYPf0=,LzLAsbrnmT7m4cJzQj+cI/t4OfE=
23,-20,mZ8X72E5YQhR7p/p1dPs4XbYPf0=,LzLAsbrnmT7m4cJzQj+cI/t4OfE=
26,-20,mZ8X72E5YQhR7p/p1dPs4XbYPf0=,LzLAsbrnmT7m4cJzQj+cI/t4OfE=
31,-20,mZ8X72E5YQhR7p/p1dPs4XbYPf0=,LzLAsbrnmT7m4cJzQj+cI/t4OfE=
18,-17,mZ8X72E5YQhR7p/p1dPs4XbYPf0=,LzLAsbrnmT7m4cJzQj+cI/t4OfE=
19,-18,mZ8X72E5YQhR7p/p1dPs4XbYPf0=,LzLAsbrnmT7m4cJzQj+cI/t4OfE=
30,-19,mZ8X72E5YQhR7p/p1dPs4XbYPf0=,LzLAsbrnmT7m4cJzQj+cI/t4OfE=
29,-17,mZ8X72E5YQhR7p/p1dPs4XbYPf0=,LzLAsbrnmT7m4cJzQj+cI/t4OfE=
19,-19,mZ8X72E5YQhR7p/p1dPs4XbYPf0=,LzLAsbrnmT7m4cJzQj+cI/t4OfE=
20,-19,mZ8X72E5YQhR7p/p1dPs4XbYPf0=,LzLAsbrnmT7m4cJzQj+cI/t4OfE=
21,-19,mZ8X72E5YQhR7p/p1dPs4XbYPf0=,LzLAsbrnmT7m4cJzQj+cI/t4OfE=
19,-17,mZ8X72E5YQhR7p/p1dPs4XbYPf0=,LzLAsbrnmT7m4cJzQj+cI/t4OfE=
22,-19,mZ8X72E5YQhR7p/p1dPs4XbYPf0=,LzLAsbrnmT7m4cJzQj+cI/t4OfE=
31,-17,mZ8X72E5YQhR7p/p1dPs4XbYPf0=,LzLAsbrnmT7m4cJzQj+cI/t4OfE=
22,-18,mZ8X72E5YQhR7p/p1dPs4XbYPf0=,LzLAsbrnmT7m4cJzQj+cI/t4OfE=
22,-17,mZ8X72E5YQhR7p/p1dPs4XbYPf0=,LzLAsbrnmT7m4cJzQj+cI/t4OfE=
20,-18,mZ8X72E5YQhR7p/p1dPs4XbYPf0=,LzLAsbrnmT7m4cJzQj+cI/t4OfE=
21,-18,mZ8X72E5YQhR7p/p1dPs4XbYPf0=,LzLAsbrnmT7m4cJzQj+cI/t4OfE=
21,-17,mZ8X72E5YQhR7p/p1dPs4XbYPf0=,LzLAsbrnmT7m4cJzQj+cI/t4OfE=
20,-17,mZ8X72E5YQhR7p/p1dPs4XbYPf0=,LzLAsbrnmT7m4cJzQj+cI/t4OfE=
1,-6,Pq/abkdkQCyBCgNvdXyn2sOhuys=,9UKKam5ZI+ClAX5whPz13KvLpV0=
1,-7,Pq/abkdkQCyBCgNvdXyn2sOhuys=,1uLs3Mw65t05XuSIgXWyj257su8=
2,-7,Pq/abkdkQCyBCgNvdXyn2sOhuys=,fwLcYKwCNIRmDFyXVrtM0zzYF6A=
2,-6,Pq/abkdkQCyBCgNvdXyn2sOhuys=,CugTkeeiKYWZz7o7Lu9R3re0uQc=
4,-10,P86L3thIQAKuqQmTbIpx9QdlEnE=,iQA5PZ0Y1aafrETkJ6vO6waRRsY=
4,-11,P86L3thIQAKuqQmTbIpx9QdlEnE=,IPXAlZPG7q8BPKNMu5bylVqLr1o=
3,-10,P86L3thIQAKuqQmTbIpx9QdlEnE=,OZ6YluaXKrjGNC8/ex07Edu/9dc=
3,-11,P86L3thIQAKuqQmTbIpx9QdlEnE=,A/ldVk0acdVgDDsvaBPiW7Yq50Q=
3,-12,P86L3thIQAKuqQmTbIpx9QdlEnE=,A/ldVk0acdVgDDsvaBPiW7Yq50Q=
4,-12,P86L3thIQAKuqQmTbIpx9QdlEnE=,IPXAlZPG7q8BPKNMu5bylVqLr1o=
4,-13,P86L3thIQAKuqQmTbIpx9QdlEnE=,HVGlFRbdmvvJirSHS06dASYxPCM=
3,-13,P86L3thIQAKuqQmTbIpx9QdlEnE=,7kMyhB6u04sQCOZcuXd9CBjBvvA=
4,-14,P86L3thIQAKuqQmTbIpx9QdlEnE=,HVGlFRbdmvvJirSHS06dASYxPCM=
4,-15,P86L3thIQAKuqQmTbIpx9QdlEnE=,vppYiPPi4frIyw94Bc+OAJ3b4Y0=
3,-14,P86L3thIQAKuqQmTbIpx9QdlEnE=,7kMyhB6u04sQCOZcuXd9CBjBvvA=
3,-15,P86L3thIQAKuqQmTbIpx9QdlEnE=,DnwCWHKEpLHmLGWZiwPVlLphfGY=
6,-15,YuPpQBolSMM9d+/5L8CSmicPqLY=,2GFSQbS69seJ/WXNnz0KQnx6fhs=
6,-14,YuPpQBolSMM9d+/5L8CSmicPqLY=,9P/0YHgoHv/vx1GKVnIbSeZcTtg=
5,-14,YuPpQBolSMM9d+/5L8CSmicPqLY=,HVGlFRbdmvvJirSHS06dASYxPCM=
5,-15,YuPpQBolSMM9d+/5L8CSmicPqLY=,vppYiPPi4frIyw94Bc+OAJ3b4Y0=
5,-13,YuPpQBolSMM9d+/5L8CSmicPqLY=,HVGlFRbdmvvJirSHS06dASYxPCM=
6,-12,YuPpQBolSMM9d+/5L8CSmicPqLY=,B4q3fAybtVj9lxs4ksd4t0YLx7o=
5,-12,YuPpQBolSMM9d+/5L8CSmicPqLY=,IPXAlZPG7q8BPKNMu5bylVqLr1o=
6,-13,YuPpQBolSMM9d+/5L8CSmicPqLY=,9P/0YHgoHv/vx1GKVnIbSeZcTtg=
6,-10,YuPpQBolSMM9d+/5L8CSmicPqLY=,kA2AsgGbXD7tNc3gAeEK/Nn589o=
6,-11,YuPpQBolSMM9d+/5L8CSmicPqLY=,B4q3fAybtVj9lxs4ksd4t0YLx7o=
5,-10,YuPpQBolSMM9d+/5L8CSmicPqLY=,iQA5PZ0Y1aafrETkJ6vO6waRRsY=
5,-11,YuPpQBolSMM9d+/5L8CSmicPqLY=,IPXAlZPG7q8BPKNMu5bylVqLr1o=
6,-8,YuPpQBolSMM9d+/5L8CSmicPqLY=,siBfbl52T+Z4+l/kf8rdNVCvW0I=
4,-8,P86L3thIQAKuqQmTbIpx9QdlEnE=,/FqvLYe7+IW0ety/C8ImYDagG+A=
5,-8,YuPpQBolSMM9d+/5L8CSmicPqLY=,/FqvLYe7+IW0ety/C8ImYDagG+A=
6,-9,YuPpQBolSMM9d+/5L8CSmicPqLY=,kA2AsgGbXD7tNc3gAeEK/Nn589o=
4,-6,P86L3thIQAKuqQmTbIpx9QdlEnE=,FIEkVrMmef1xkL+ApRdneevswTc=
3,-8,P86L3thIQAKuqQmTbIpx9QdlEnE=,fwLcYKwCNIRmDFyXVrtM0zzYF6A=
3,-6,P86L3thIQAKuqQmTbIpx9QdlEnE=,CugTkeeiKYWZz7o7Lu9R3re0uQc=
4,-9,P86L3thIQAKuqQmTbIpx9QdlEnE=,iQA5PZ0Y1aafrETkJ6vO6waRRsY=
4,-7,P86L3thIQAKuqQmTbIpx9QdlEnE=,/FqvLYe7+IW0ety/C8ImYDagG+A=
5,-9,YuPpQBolSMM9d+/5L8CSmicPqLY=,iQA5PZ0Y1aafrETkJ6vO6waRRsY=
3,-9,P86L3thIQAKuqQmTbIpx9QdlEnE=,OZ6YluaXKrjGNC8/ex07Edu/9dc=
3,-7,P86L3thIQAKuqQmTbIpx9QdlEnE=,fwLcYKwCNIRmDFyXVrtM0zzYF6A=
6,-7,YuPpQBolSMM9d+/5L8CSmicPqLY=,siBfbl52T+Z4+l/kf8rdNVCvW0I=
6,-6,YuPpQBolSMM9d+/5L8CSmicPqLY=,qb9Ar4aELu2HQh7a5W1FBGwWMSc=
5,-6,YuPpQBolSMM9d+/5L8CSmicPqLY=,FIEkVrMmef1xkL+ApRdneevswTc=
5,-7,YuPpQBolSMM9d+/5L8CSmicPqLY=,/FqvLYe7+IW0ety/C8ImYDagG+A=
6,-4,pHmOfXlu9akZ8/gmPXWL3QwfalA=,wYvRGL3pPQ1Rt9VmBy84UdGQm8U=
5,-4,pHmOfXlu9akZ8/gmPXWL3QwfalA=,WIO4ixqyM+by3fzdSDvCgF1K44M=
6,-5,pHmOfXlu9akZ8/gmPXWL3QwfalA=,qb9Ar4aELu2HQh7a5W1FBGwWMSc=
5,-5,pHmOfXlu9akZ8/gmPXWL3QwfalA=,FIEkVrMmef1xkL+ApRdneevswTc=
7,-4,YuPpQBolSMM9d+/5L8CSmicPqLY=,wYvRGL3pPQ1Rt9VmBy84UdGQm8U=
8,-5,YuPpQBolSMM9d+/5L8CSmicPqLY=,LaNeHMZL7aTK0OgQQvBm9aUQrrQ=
8,-4,YuPpQBolSMM9d+/5L8CSmicPqLY=,mS/whu2FQRIWBY82QQf+yp0T+Os=
7,-5,YuPpQBolSMM9d+/5L8CSmicPqLY=,qb9Ar4aELu2HQh7a5W1FBGwWMSc=
8,-3,YuPpQBolSMM9d+/5L8CSmicPqLY=,mS/whu2FQRIWBY82QQf+yp0T+Os=
7,-3,YuPpQBolSMM9d+/5L8CSmicPqLY=,wYvRGL3pPQ1Rt9VmBy84UdGQm8U=
7,-2,YuPpQBolSMM9d+/5L8CSmicPqLY=,3JIO1AWLD2ayWGSXTf+izSyQXCQ=
8,-2,YuPpQBolSMM9d+/5L8CSmicPqLY=,45O/BLqI+nftL3SUVouD1QIiFGo=
10,-3,pHmOfXlu9akZ8/gmPXWL3QwfalA=,QwCJnPGyxwN9n/Os/+EAzR1Jwb8=
10,-2,pHmOfXlu9akZ8/gmPXWL3QwfalA=,77jJS1tMXpdP7Qk+v6ypp2ca+r0=
9,-3,pHmOfXlu9akZ8/gmPXWL3QwfalA=,mS/whu2FQRIWBY82QQf+yp0T+Os=
9,-2,pHmOfXlu9akZ8/gmPXWL3QwfalA=,45O/BLqI+nftL3SUVouD1QIiFGo=
10,-4,YuPpQBolSMM9d+/5L8CSmicPqLY=,QwCJnPGyxwN9n/Os/+EAzR1Jwb8=
10,-5,YuPpQBolSMM9d+/5L8CSmicPqLY=,SWjzUAwpCSCWwHrswhhbjVfaDhI=
9,-5,YuPpQBolSMM9d+/5L8CSmicPqLY=,LaNeHMZL7aTK0OgQQvBm9aUQrrQ=
9,-4,YuPpQBolSMM9d+/5L8CSmicPqLY=,mS/whu2FQRIWBY82QQf+yp0T+Os=
12,-5,Duno2HQpITfEzbyIxipRrUJoU5I=,C+fN/af0aepWBZFfyGeVS38bkzY=
12,-4,Duno2HQpITfEzbyIxipRrUJoU5I=,YiEVVcHTO+Ytg4Cpq0ZiWTnJE5o=
11,-4,Duno2HQpITfEzbyIxipRrUJoU5I=,QwCJnPGyxwN9n/Os/+EAzR1Jwb8=
11,-5,Duno2HQpITfEzbyIxipRrUJoU5I=,SWjzUAwpCSCWwHrswhhbjVfaDhI=
11,-3,Duno2HQpITfEzbyIxipRrUJoU5I=,QwCJnPGyxwN9n/Os/+EAzR1Jwb8=
12,-2,Duno2HQpITfEzbyIxipRrUJoU5I=,Xl8MfBUjhPVwI2emNMzJ1kprd1c=
12,-3,Duno2HQpITfEzbyIxipRrUJoU5I=,YiEVVcHTO+Ytg4Cpq0ZiWTnJE5o=
11,-2,Duno2HQpITfEzbyIxipRrUJoU5I=,77jJS1tMXpdP7Qk+v6ypp2ca+r0=
13,-6,Duno2HQpITfEzbyIxipRrUJoU5I=,C+fN/af0aepWBZFfyGeVS38bkzY=
14,-6,Duno2HQpITfEzbyIxipRrUJoU5I=,TWygq1QduiqkJhvtwwJ1GmzDm9M=
14,-7,Duno2HQpITfEzbyIxipRrUJoU5I=,CYhUwEZjxjvjN8oLaimd8jVdkz0=
13,-7,Duno2HQpITfEzbyIxipRrUJoU5I=,3eeSMbRox90nnVfIzfz8OQ1g0tQ=
14,-4,Duno2HQpITfEzbyIxipRrUJoU5I=,TWygq1QduiqkJhvtwwJ1GmzDm9M=
12,-6,Duno2HQpITfEzbyIxipRrUJoU5I=,C+fN/af0aepWBZFfyGeVS38bkzY=
14,-5,Duno2HQpITfEzbyIxipRrUJoU5I=,TWygq1QduiqkJhvtwwJ1GmzDm9M=
11,-6,Duno2HQpITfEzbyIxipRrUJoU5I=,SWjzUAwpCSCWwHrswhhbjVfaDhI=
13,-5,Duno2HQpITfEzbyIxipRrUJoU5I=,C+fN/af0aepWBZFfyGeVS38bkzY=
9,-6,Duno2HQpITfEzbyIxipRrUJoU5I=,LaNeHMZL7aTK0OgQQvBm9aUQrrQ=
11,-7,Duno2HQpITfEzbyIxipRrUJoU5I=,Tykbj8ZR0eWuNcS4wLoS0snI56s=
13,-4,Duno2HQpITfEzbyIxipRrUJoU5I=,YiEVVcHTO+Ytg4Cpq0ZiWTnJE5o=
10,-6,Duno2HQpITfEzbyIxipRrUJoU5I=,SWjzUAwpCSCWwHrswhhbjVfaDhI=
12,-7,Duno2HQpITfEzbyIxipRrUJoU5I=,3eeSMbRox90nnVfIzfz8OQ1g0tQ=
8,-7,YuPpQBolSMM9d+/5L8CSmicPqLY=,Dxps7KM17LBwyKtJLg1tFMwnCkQ=
9,-7,Duno2HQpITfEzbyIxipRrUJoU5I=,Dxps7KM17LBwyKtJLg1tFMwnCkQ=
8,-6,YuPpQBolSMM9d+/5L8CSmicPqLY=,LaNeHMZL7aTK0OgQQvBm9aUQrrQ=
7,-8,YuPpQBolSMM9d+/5L8CSmicPqLY=,siBfbl52T+Z4+l/kf8rdNVCvW0I=
7,-6,YuPpQBolSMM9d+/5L8CSmicPqLY=,qb9Ar4aELu2HQh7a5W1FBGwWMSc=
7,-7,YuPpQBolSMM9d+/5L8CSmicPqLY=,siBfbl52T+Z4+l/kf8rdNVCvW0I=
8,-9,YuPpQBolSMM9d+/5L8CSmicPqLY=,5DMA6VoJji0hqFHIEDobIK2vqNw=
10,-7,Duno2HQpITfEzbyIxipRrUJoU5I=,Tykbj8ZR0eWuNcS4wLoS0snI56s=
7,-9,YuPpQBolSMM9d+/5L8CSmicPqLY=,kA2AsgGbXD7tNc3gAeEK/Nn589o=
8,-8,YuPpQBolSMM9d+/5L8CSmicPqLY=,Dxps7KM17LBwyKtJLg1tFMwnCkQ=
10,-9,Duno2HQpITfEzbyIxipRrUJoU5I=,HzK7dIHSC1Eh2ZbYevV+OAmHbWc=
9,-9,Duno2HQpITfEzbyIxipRrUJoU5I=,5DMA6VoJji0hqFHIEDobIK2vqNw=
8,-10,pHmOfXlu9akZ8/gmPXWL3QwfalA=,5DMA6VoJji0hqFHIEDobIK2vqNw=
10,-8,Duno2HQpITfEzbyIxipRrUJoU5I=,Tykbj8ZR0eWuNcS4wLoS0snI56s=
7,-10,pHmOfXlu9akZ8/gmPXWL3QwfalA=,kA2AsgGbXD7tNc3gAeEK/Nn589o=
9,-8,Duno2HQpITfEzbyIxipRrUJoU5I=,Dxps7KM17LBwyKtJLg1tFMwnCkQ=
10,-10,Duno2HQpITfEzbyIxipRrUJoU5I=,HzK7dIHSC1Eh2ZbYevV+OAmHbWc=
9,-11,Duno2HQpITfEzbyIxipRrUJoU5I=,c8fv7c5PZbhtIF771X51elsjqzw=
10,-11,Duno2HQpITfEzbyIxipRrUJoU5I=,QvTEF2kWb+nsIZfvloRJQZR89qg=
7,-11,pHmOfXlu9akZ8/gmPXWL3QwfalA=,B4q3fAybtVj9lxs4ksd4t0YLx7o=
8,-11,pHmOfXlu9akZ8/gmPXWL3QwfalA=,c8fv7c5PZbhtIF771X51elsjqzw=
9,-10,Duno2HQpITfEzbyIxipRrUJoU5I=,5DMA6VoJji0hqFHIEDobIK2vqNw=
7,-12,pHmOfXlu9akZ8/gmPXWL3QwfalA=,B4q3fAybtVj9lxs4ksd4t0YLx7o=
10,-13,pHmOfXlu9akZ8/gmPXWL3QwfalA=,QvTEF2kWb+nsIZfvloRJQZR89qg=
7,-13,pHmOfXlu9akZ8/gmPXWL3QwfalA=,9P/0YHgoHv/vx1GKVnIbSeZcTtg=
9,-13,pHmOfXlu9akZ8/gmPXWL3QwfalA=,QvTEF2kWb+nsIZfvloRJQZR89qg=
9,-12,pHmOfXlu9akZ8/gmPXWL3QwfalA=,c8fv7c5PZbhtIF771X51elsjqzw=
10,-12,pHmOfXlu9akZ8/gmPXWL3QwfalA=,QvTEF2kWb+nsIZfvloRJQZR89qg=
8,-12,pHmOfXlu9akZ8/gmPXWL3QwfalA=,c8fv7c5PZbhtIF771X51elsjqzw=
8,-13,pHmOfXlu9akZ8/gmPXWL3QwfalA=,QvTEF2kWb+nsIZfvloRJQZR89qg=
10,-15,Duno2HQpITfEzbyIxipRrUJoU5I=,QvTEF2kWb+nsIZfvloRJQZR89qg=
8,-15,pHmOfXlu9akZ8/gmPXWL3QwfalA=,QvTEF2kWb+nsIZfvloRJQZR89qg=
7,-14,pHmOfXlu9akZ8/gmPXWL3QwfalA=,9P/0YHgoHv/vx1GKVnIbSeZcTtg=
9,-14,Duno2HQpITfEzbyIxipRrUJoU5I=,QvTEF2kWb+nsIZfvloRJQZR89qg=
10,-14,Duno2HQpITfEzbyIxipRrUJoU5I=,QvTEF2kWb+nsIZfvloRJQZR89qg=
9,-15,Duno2HQpITfEzbyIxipRrUJoU5I=,QvTEF2kWb+nsIZfvloRJQZR89qg=
8,-14,pHmOfXlu9akZ8/gmPXWL3QwfalA=,QvTEF2kWb+nsIZfvloRJQZR89qg=
12,-9,Duno2HQpITfEzbyIxipRrUJoU5I=,Es2yBkV/jnx0oTXEHslfNag8zhI=
11,-8,Duno2HQpITfEzbyIxipRrUJoU5I=,Tykbj8ZR0eWuNcS4wLoS0snI56s=
12,-8,Duno2HQpITfEzbyIxipRrUJoU5I=,3eeSMbRox90nnVfIzfz8OQ1g0tQ=
7,-15,pHmOfXlu9akZ8/gmPXWL3QwfalA=,2GFSQbS69seJ/WXNnz0KQnx6fhs=
11,-9,Duno2HQpITfEzbyIxipRrUJoU5I=,HzK7dIHSC1Eh2ZbYevV+OAmHbWc=
15,-13,Duno2HQpITfEzbyIxipRrUJoU5I=,MzIIUFBX2yh7tIx0KeN8Iu6jJYw=
15,-12,Duno2HQpITfEzbyIxipRrUJoU5I=,hGUx9cFFtJUsawzNRet4e431cVA=
14,-13,Duno2HQpITfEzbyIxipRrUJoU5I=,MzIIUFBX2yh7tIx0KeN8Iu6jJYw=
12,-10,Duno2HQpITfEzbyIxipRrUJoU5I=,Es2yBkV/jnx0oTXEHslfNag8zhI=
15,-6,Duno2HQpITfEzbyIxipRrUJoU5I=,TWygq1QduiqkJhvtwwJ1GmzDm9M=
11,-12,pHmOfXlu9akZ8/gmPXWL3QwfalA=,QvTEF2kWb+nsIZfvloRJQZR89qg=
12,-12,pHmOfXlu9akZ8/gmPXWL3QwfalA=,wQFEPNB/j59//8/1DVSJnhRAqzM=
15,-4,Duno2HQpITfEzbyIxipRrUJoU5I=,TWygq1QduiqkJhvtwwJ1GmzDm9M=
11,-10,Duno2HQpITfEzbyIxipRrUJoU5I=,HzK7dIHSC1Eh2ZbYevV+OAmHbWc=
11,-13,pHmOfXlu9akZ8/gmPXWL3QwfalA=,QvTEF2kWb+nsIZfvloRJQZR89qg=
15,-7,Duno2HQpITfEzbyIxipRrUJoU5I=,CYhUwEZjxjvjN8oLaimd8jVdkz0=
15,-5,Duno2HQpITfEzbyIxipRrUJoU5I=,TWygq1QduiqkJhvtwwJ1GmzDm9M=
13,-13,Duno2HQpITfEzbyIxipRrUJoU5I=,Z0ARVWlm9YAUyfZkeynqZoPXxIg=
11,-11,Duno2HQpITfEzbyIxipRrUJoU5I=,QvTEF2kWb+nsIZfvloRJQZR89qg=
14,-12,Duno2HQpITfEzbyIxipRrUJoU5I=,hGUx9cFFtJUsawzNRet4e431cVA=
12,-13,pHmOfXlu9akZ8/gmPXWL3QwfalA=,Z0ARVWlm9YAUyfZkeynqZoPXxIg=
12,-11,Duno2HQpITfEzbyIxipRrUJoU5I=,wQFEPNB/j59//8/1DVSJnhRAqzM=
13,-12,Duno2HQpITfEzbyIxipRrUJoU5I=,wQFEPNB/j59//8/1DVSJnhRAqzM=
11,-1,Duno2HQpITfEzbyIxipRrUJoU5I=,77jJS1tMXpdP7Qk+v6ypp2ca+r0=
12,-1,Duno2HQpITfEzbyIxipRrUJoU5I=,Xl8MfBUjhPVwI2emNMzJ1kprd1c=
8,-1,Duno2HQpITfEzbyIxipRrUJoU5I=,45O/BLqI+nftL3SUVouD1QIiFGo=
10,-1,Duno2HQpITfEzbyIxipRrUJoU5I=,77jJS1tMXpdP7Qk+v6ypp2ca+r0=
7,-1,Duno2HQpITfEzbyIxipRrUJoU5I=,3JIO1AWLD2ayWGSXTf+izSyQXCQ=
9,-1,Duno2HQpITfEzbyIxipRrUJoU5I=,45O/BLqI+nftL3SUVouD1QIiFGo=
13,-10,Duno2HQpITfEzbyIxipRrUJoU5I=,Es2yBkV/jnx0oTXEHslfNag8zhI=
15,-8,Duno2HQpITfEzbyIxipRrUJoU5I=,CYhUwEZjxjvjN8oLaimd8jVdkz0=
13,-11,Duno2HQpITfEzbyIxipRrUJoU5I=,wQFEPNB/j59//8/1DVSJnhRAqzM=
15,-11,Duno2HQpITfEzbyIxipRrUJoU5I=,hGUx9cFFtJUsawzNRet4e431cVA=
14,-10,Duno2HQpITfEzbyIxipRrUJoU5I=,LBGoJ/iKAahClG9KBtQ+fSAtcJI=
13,-8,Duno2HQpITfEzbyIxipRrUJoU5I=,3eeSMbRox90nnVfIzfz8OQ1g0tQ=
14,-9,Duno2HQpITfEzbyIxipRrUJoU5I=,LBGoJ/iKAahClG9KBtQ+fSAtcJI=
14,-11,Duno2HQpITfEzbyIxipRrUJoU5I=,hGUx9cFFtJUsawzNRet4e431cVA=
14,-8,Duno2HQpITfEzbyIxipRrUJoU5I=,CYhUwEZjxjvjN8oLaimd8jVdkz0=
15,-10,Duno2HQpITfEzbyIxipRrUJoU5I=,LBGoJ/iKAahClG9KBtQ+fSAtcJI=
13,-9,Duno2HQpITfEzbyIxipRrUJoU5I=,Es2yBkV/jnx0oTXEHslfNag8zhI=
14,-2,Duno2HQpITfEzbyIxipRrUJoU5I=,sbpmMoi7SFJM7YhCoU8VrONxsgg=
15,-9,Duno2HQpITfEzbyIxipRrUJoU5I=,LBGoJ/iKAahClG9KBtQ+fSAtcJI=
13,-1,Duno2HQpITfEzbyIxipRrUJoU5I=,Xl8MfBUjhPVwI2emNMzJ1kprd1c=
13,-2,Duno2HQpITfEzbyIxipRrUJoU5I=,Xl8MfBUjhPVwI2emNMzJ1kprd1c=
15,-2,Duno2HQpITfEzbyIxipRrUJoU5I=,sbpmMoi7SFJM7YhCoU8VrONxsgg=
13,-3,Duno2HQpITfEzbyIxipRrUJoU5I=,YiEVVcHTO+Ytg4Cpq0ZiWTnJE5o=
15,-3,Duno2HQpITfEzbyIxipRrUJoU5I=,TWygq1QduiqkJhvtwwJ1GmzDm9M=
14,-3,Duno2HQpITfEzbyIxipRrUJoU5I=,TWygq1QduiqkJhvtwwJ1GmzDm9M=
14,-1,Duno2HQpITfEzbyIxipRrUJoU5I=,sbpmMoi7SFJM7YhCoU8VrONxsgg=
6,-3,pHmOfXlu9akZ8/gmPXWL3QwfalA=,wYvRGL3pPQ1Rt9VmBy84UdGQm8U=
5,-2,pHmOfXlu9akZ8/gmPXWL3QwfalA=,3Xs2iJxIiDzTl6zEkHFkID0r8L4=
6,-2,pHmOfXlu9akZ8/gmPXWL3QwfalA=,3JIO1AWLD2ayWGSXTf+izSyQXCQ=
5,-3,pHmOfXlu9akZ8/gmPXWL3QwfalA=,WIO4ixqyM+by3fzdSDvCgF1K44M=
4,-2,pHmOfXlu9akZ8/gmPXWL3QwfalA=,3Xs2iJxIiDzTl6zEkHFkID0r8L4=
0,-7,pHmOfXlu9akZ8/gmPXWL3QwfalA=,1uLs3Mw65t05XuSIgXWyj257su8=
4,-4,pHmOfXlu9akZ8/gmPXWL3QwfalA=,WIO4ixqyM+by3fzdSDvCgF1K44M=
3,-5,pHmOfXlu9akZ8/gmPXWL3QwfalA=,CugTkeeiKYWZz7o7Lu9R3re0uQc=
3,-2,pHmOfXlu9akZ8/gmPXWL3QwfalA=,IaL3TuGFSHye99ueiFR+DNNhc/Q=
3,-3,pHmOfXlu9akZ8/gmPXWL3QwfalA=,j1zSwUDInAATJXGG6Uuqrm0mrL8=
3,-4,pHmOfXlu9akZ8/gmPXWL3QwfalA=,j1zSwUDInAATJXGG6Uuqrm0mrL8=
4,-5,pHmOfXlu9akZ8/gmPXWL3QwfalA=,FIEkVrMmef1xkL+ApRdneevswTc=
2,-4,pHmOfXlu9akZ8/gmPXWL3QwfalA=,j1zSwUDInAATJXGG6Uuqrm0mrL8=
0,-5,pHmOfXlu9akZ8/gmPXWL3QwfalA=,9UKKam5ZI+ClAX5whPz13KvLpV0=
1,-4,pHmOfXlu9akZ8/gmPXWL3QwfalA=,yOzdcX50qjKxkTErDaHX1GjVago=
0,-6,pHmOfXlu9akZ8/gmPXWL3QwfalA=,9UKKam5ZI+ClAX5whPz13KvLpV0=
1,-5,pHmOfXlu9akZ8/gmPXWL3QwfalA=,9UKKam5ZI+ClAX5whPz13KvLpV0=
0,-4,pHmOfXlu9akZ8/gmPXWL3QwfalA=,yOzdcX50qjKxkTErDaHX1GjVago=
2,-5,pHmOfXlu9akZ8/gmPXWL3QwfalA=,CugTkeeiKYWZz7o7Lu9R3re0uQc=
4,-3,pHmOfXlu9akZ8/gmPXWL3QwfalA=,WIO4ixqyM+by3fzdSDvCgF1K44M=
1,-1,pHmOfXlu9akZ8/gmPXWL3QwfalA=,0ZmZ4UDhNBlo1nFw/66HMg/onxM=
2,-3,pHmOfXlu9akZ8/gmPXWL3QwfalA=,j1zSwUDInAATJXGG6Uuqrm0mrL8=
2,-1,pHmOfXlu9akZ8/gmPXWL3QwfalA=,IaL3TuGFSHye99ueiFR+DNNhc/Q=
2,-2,pHmOfXlu9akZ8/gmPXWL3QwfalA=,IaL3TuGFSHye99ueiFR+DNNhc/Q=
1,-3,pHmOfXlu9akZ8/gmPXWL3QwfalA=,yOzdcX50qjKxkTErDaHX1GjVago=
0,-3,pHmOfXlu9akZ8/gmPXWL3QwfalA=,yOzdcX50qjKxkTErDaHX1GjVago=
1,-2,pHmOfXlu9akZ8/gmPXWL3QwfalA=,0ZmZ4UDhNBlo1nFw/66HMg/onxM=
0,-2,pHmOfXlu9akZ8/gmPXWL3QwfalA=,0ZmZ4UDhNBlo1nFw/66HMg/onxM=
1,-8,P86L3thIQAKuqQmTbIpx9QdlEnE=,1uLs3Mw65t05XuSIgXWyj257su8=
2,-11,P86L3thIQAKuqQmTbIpx9QdlEnE=,A/ldVk0acdVgDDsvaBPiW7Yq50Q=
1,-9,P86L3thIQAKuqQmTbIpx9QdlEnE=,2RSo7KsJRGLuhZLLJ+q1pvytfB0=
2,-12,P86L3thIQAKuqQmTbIpx9QdlEnE=,A/ldVk0acdVgDDsvaBPiW7Yq50Q=
2,-8,P86L3thIQAKuqQmTbIpx9QdlEnE=,fwLcYKwCNIRmDFyXVrtM0zzYF6A=
2,-9,P86L3thIQAKuqQmTbIpx9QdlEnE=,OZ6YluaXKrjGNC8/ex07Edu/9dc=
2,-13,P86L3thIQAKuqQmTbIpx9QdlEnE=,7kMyhB6u04sQCOZcuXd9CBjBvvA=
2,-10,P86L3thIQAKuqQmTbIpx9QdlEnE=,OZ6YluaXKrjGNC8/ex07Edu/9dc=
1,-13,P86L3thIQAKuqQmTbIpx9QdlEnE=,n8nXsM1FDZsEYU/gb0CKun+1LoU=
1,-12,P86L3thIQAKuqQmTbIpx9QdlEnE=,TlnNPcTiAqxpMJDnxQZPAQi0qCg=
10,-16,Duno2HQpITfEzbyIxipRrUJoU5I=,QvTEF2kWb+nsIZfvloRJQZR89qg=
1,-11,P86L3thIQAKuqQmTbIpx9QdlEnE=,TlnNPcTiAqxpMJDnxQZPAQi0qCg=
9,-16,Duno2HQpITfEzbyIxipRrUJoU5I=,QvTEF2kWb+nsIZfvloRJQZR89qg=
1,-10,P86L3thIQAKuqQmTbIpx9QdlEnE=,2RSo7KsJRGLuhZLLJ+q1pvytfB0=
4,-16,pHmOfXlu9akZ8/gmPXWL3QwfalA=,vppYiPPi4frIyw94Bc+OAJ3b4Y0=
15,-14,Duno2HQpITfEzbyIxipRrUJoU5I=,MzIIUFBX2yh7tIx0KeN8Iu6jJYw=
6,-16,pHmOfXlu9akZ8/gmPXWL3QwfalA=,2GFSQbS69seJ/WXNnz0KQnx6fhs=
7,-16,Duno2HQpITfEzbyIxipRrUJoU5I=,2GFSQbS69seJ/WXNnz0KQnx6fhs=
5,-16,pHmOfXlu9akZ8/gmPXWL3QwfalA=,vppYiPPi4frIyw94Bc+OAJ3b4Y0=
8,-16,Duno2HQpITfEzbyIxipRrUJoU5I=,QvTEF2kWb+nsIZfvloRJQZR89qg=
3,-16,pHmOfXlu9akZ8/gmPXWL3QwfalA=,DnwCWHKEpLHmLGWZiwPVlLphfGY=
12,-14,Duno2HQpITfEzbyIxipRrUJoU5I=,Z0ARVWlm9YAUyfZkeynqZoPXxIg=
11,-16,Duno2HQpITfEzbyIxipRrUJoU5I=,QvTEF2kWb+nsIZfvloRJQZR89qg=
4,-1,pHmOfXlu9akZ8/gmPXWL3QwfalA=,3Xs2iJxIiDzTl6zEkHFkID0r8L4=
14,-14,Duno2HQpITfEzbyIxipRrUJoU5I=,MzIIUFBX2yh7tIx0KeN8Iu6jJYw=
11,-14,Duno2HQpITfEzbyIxipRrUJoU5I=,QvTEF2kWb+nsIZfvloRJQZR89qg=
13,-14,Duno2HQpITfEzbyIxipRrUJoU5I=,Z0ARVWlm9YAUyfZkeynqZoPXxIg=
11,-15,Duno2HQpITfEzbyIxipRrUJoU5I=,QvTEF2kWb+nsIZfvloRJQZR89qg=
3,-1,pHmOfXlu9akZ8/gmPXWL3QwfalA=,IaL3TuGFSHye99ueiFR+DNNhc/Q=
0,-1,Duno2HQpITfEzbyIxipRrUJoU5I=,0ZmZ4UDhNBlo1nFw/66HMg/onxM=
0,-8,pHmOfXlu9akZ8/gmPXWL3QwfalA=,1uLs3Mw65t05XuSIgXWyj257su8=
0,-9,pHmOfXlu9akZ8/gmPXWL3QwfalA=,2RSo7KsJRGLuhZLLJ+q1pvytfB0=
0,-10,pHmOfXlu9akZ8/gmPXWL3QwfalA=,2RSo7KsJRGLuhZLLJ+q1pvytfB0=
5,-1,Duno2HQpITfEzbyIxipRrUJoU5I=,3Xs2iJxIiDzTl6zEkHFkID0r8L4=
6,-1,Duno2HQpITfEzbyIxipRrUJoU5I=,3JIO1AWLD2ayWGSXTf+izSyQXCQ=
15,-1,Duno2HQpITfEzbyIxipRrUJoU5I=,sbpmMoi7SFJM7YhCoU8VrONxsgg=
0,-13,pHmOfXlu9akZ8/gmPXWL3QwfalA=,n8nXsM1FDZsEYU/gb0CKun+1LoU=
0,-11,pHmOfXlu9akZ8/gmPXWL3QwfalA=,TlnNPcTiAqxpMJDnxQZPAQi0qCg=
0,-12,pHmOfXlu9akZ8/gmPXWL3QwfalA=,TlnNPcTiAqxpMJDnxQZPAQi0qCg=
2,-16,pHmOfXlu9akZ8/gmPXWL3QwfalA=,DnwCWHKEpLHmLGWZiwPVlLphfGY=
1,-15,YuPpQBolSMM9d+/5L8CSmicPqLY=,zGx++1l/ywBrjpXzteQ5+3VFAUI=
1,-14,YuPpQBolSMM9d+/5L8CSmicPqLY=,n8nXsM1FDZsEYU/gb0CKun+1LoU=
0,-15,pHmOfXlu9akZ8/gmPXWL3QwfalA=,zGx++1l/ywBrjpXzteQ5+3VFAUI=
1,-16,pHmOfXlu9akZ8/gmPXWL3QwfalA=,zGx++1l/ywBrjpXzteQ5+3VFAUI=
0,-14,pHmOfXlu9akZ8/gmPXWL3QwfalA=,n8nXsM1FDZsEYU/gb0CKun+1LoU=
0,-16,Duno2HQpITfEzbyIxipRrUJoU5I=,zGx++1l/ywBrjpXzteQ5+3VFAUI=
2,-15,YuPpQBolSMM9d+/5L8CSmicPqLY=,DnwCWHKEpLHmLGWZiwPVlLphfGY=
2,-14,YuPpQBolSMM9d+/5L8CSmicPqLY=,7kMyhB6u04sQCOZcuXd9CBjBvvA=
2,-23,4eh1FUcfXU7SAqU0yVc0gfbSXwQ=,3OSSJHJ4P40rrdkfuXJS68Qz5eU=
1,-23,4eh1FUcfXU7SAqU0yVc0gfbSXwQ=,uDeEOb1S+/18uaLs6wkDuuPQxCk=
1,-22,4eh1FUcfXU7SAqU0yVc0gfbSXwQ=,uDeEOb1S+/18uaLs6wkDuuPQxCk=
2,-22,4eh1FUcfXU7SAqU0yVc0gfbSXwQ=,99924gG7j6FYwu3kIvDIioFGMGA=
4,-25,4eh1FUcfXU7SAqU0yVc0gfbSXwQ=,uDeEOb1S+/18uaLs6wkDuuPQxCk=
3,-24,4eh1FUcfXU7SAqU0yVc0gfbSXwQ=,3OSSJHJ4P40rrdkfuXJS68Qz5eU=
3,-25,4eh1FUcfXU7SAqU0yVc0gfbSXwQ=,uDeEOb1S+/18uaLs6wkDuuPQxCk=
3,-23,4eh1FUcfXU7SAqU0yVc0gfbSXwQ=,3OSSJHJ4P40rrdkfuXJS68Qz5eU=
4,-22,4eh1FUcfXU7SAqU0yVc0gfbSXwQ=,cW+J9VcTMQ0k3C7ScsM9pLS7Ym8=
3,-22,4eh1FUcfXU7SAqU0yVc0gfbSXwQ=,99924gG7j6FYwu3kIvDIioFGMGA=
4,-24,4eh1FUcfXU7SAqU0yVc0gfbSXwQ=,pz8dNmpbDlcwY7dZpjRnOKE3HA8=
4,-23,4eh1FUcfXU7SAqU0yVc0gfbSXwQ=,pz8dNmpbDlcwY7dZpjRnOKE3HA8=
6,-22,4eh1FUcfXU7SAqU0yVc0gfbSXwQ=,6bNz2LtZ+1pkEF2mfN4h9jyxb9c=
6,-23,4eh1FUcfXU7SAqU0yVc0gfbSXwQ=,FbHOdl286IY1csDb73AVFlw0M5I=
5,-20,4eh1FUcfXU7SAqU0yVc0gfbSXwQ=,rlakNOYsjnxPoXY/NO0B67fjpHY=
5,-23,4eh1FUcfXU7SAqU0yVc0gfbSXwQ=,pz8dNmpbDlcwY7dZpjRnOKE3HA8=
6,-20,4eh1FUcfXU7SAqU0yVc0gfbSXwQ=,rlakNOYsjnxPoXY/NO0B67fjpHY=
5,-22,4eh1FUcfXU7SAqU0yVc0gfbSXwQ=,cW+J9VcTMQ0k3C7ScsM9pLS7Ym8=
5,-21,4eh1FUcfXU7SAqU0yVc0gfbSXwQ=,cW+J9VcTMQ0k3C7ScsM9pLS7Ym8=
6,-21,4eh1FUcfXU7SAqU0yVc0gfbSXwQ=,6bNz2LtZ+1pkEF2mfN4h9jyxb9c=
3,-20,4eh1FUcfXU7SAqU0yVc0gfbSXwQ=,0cpbYM2n9CHAsySBiMCf1eUq9A8=
4,-21,4eh1FUcfXU7SAqU0yVc0gfbSXwQ=,cW+J9VcTMQ0k3C7ScsM9pLS7Ym8=
4,-20,4eh1FUcfXU7SAqU0yVc0gfbSXwQ=,rlakNOYsjnxPoXY/NO0B67fjpHY=
3,-21,4eh1FUcfXU7SAqU0yVc0gfbSXwQ=,99924gG7j6FYwu3kIvDIioFGMGA=
2,-18,4eh1FUcfXU7SAqU0yVc0gfbSXwQ=,To9rUH25w+xGX6g/V8YqkIwWY/Y=
1,-20,4eh1FUcfXU7SAqU0yVc0gfbSXwQ=,T28c9XyK6u+cj/WRJr0O7rSP5Ow=
1,-19,4eh1FUcfXU7SAqU0yVc0gfbSXwQ=,T28c9XyK6u+cj/WRJr0O7rSP5Ow=
2,-19,4eh1FUcfXU7SAqU0yVc0gfbSXwQ=,0cpbYM2n9CHAsySBiMCf1eUq9A8=
2,-21,4eh1FUcfXU7SAqU0yVc0gfbSXwQ=,99924gG7j6FYwu3kIvDIioFGMGA=
1,-21,4eh1FUcfXU7SAqU0yVc0gfbSXwQ=,uDeEOb1S+/18uaLs6wkDuuPQxCk=
2,-20,4eh1FUcfXU7SAqU0yVc0gfbSXwQ=,0cpbYM2n9CHAsySBiMCf1eUq9A8=
1,-18,4eh1FUcfXU7SAqU0yVc0gfbSXwQ=,oxJLbV3iGTS9XpjYMn9Ebvy4b+Q=
3,-19,oD9mUmJRq+M6JnKkxePKERInlAE=,0cpbYM2n9CHAsySBiMCf1eUq9A8=
4,-19,oD9mUmJRq+M6JnKkxePKERInlAE=,rlakNOYsjnxPoXY/NO0B67fjpHY=
3,-18,oD9mUmJRq+M6JnKkxePKERInlAE=,To9rUH25w+xGX6g/V8YqkIwWY/Y=
4,-18,oD9mUmJRq+M6JnKkxePKERInlAE=,Z1qq4r5ylUtA9qpARy2vA1/aUmA=
9,-18,4eh1FUcfXU7SAqU0yVc0gfbSXwQ=,QvTEF2kWb+nsIZfvloRJQZR89qg=
9,-19,4eh1FUcfXU7SAqU0yVc0gfbSXwQ=,QvTEF2kWb+nsIZfvloRJQZR89qg=
10,-18,4eh1FUcfXU7SAqU0yVc0gfbSXwQ=,xBSTu2fsxYpTEkjDU39tx9u1WZQ=
9,-21,4eh1FUcfXU7SAqU0yVc0gfbSXwQ=,HTIZy5H1NVr82ZGkAIpp7VQuRj0=
7,-20,4eh1FUcfXU7SAqU0yVc0gfbSXwQ=,rlakNOYsjnxPoXY/NO0B67fjpHY=
9,-23,4eh1FUcfXU7SAqU0yVc0gfbSXwQ=,4te4SSO8gt+cj1dtvxbE6ScR/Iw=
9,-20,4eh1FUcfXU7SAqU0yVc0gfbSXwQ=,QvTEF2kWb+nsIZfvloRJQZR89qg=
9,-22,4eh1FUcfXU7SAqU0yVc0gfbSXwQ=,HTIZy5H1NVr82ZGkAIpp7VQuRj0=
8,-22,4eh1FUcfXU7SAqU0yVc0gfbSXwQ=,HTIZy5H1NVr82ZGkAIpp7VQuRj0=
8,-21,4eh1FUcfXU7SAqU0yVc0gfbSXwQ=,HTIZy5H1NVr82ZGkAIpp7VQuRj0=
8,-20,4eh1FUcfXU7SAqU0yVc0gfbSXwQ=,QvTEF2kWb+nsIZfvloRJQZR89qg=
7,-23,4eh1FUcfXU7SAqU0yVc0gfbSXwQ=,FbHOdl286IY1csDb73AVFlw0M5I=
7,-21,4eh1FUcfXU7SAqU0yVc0gfbSXwQ=,6bNz2LtZ+1pkEF2mfN4h9jyxb9c=
7,-22,4eh1FUcfXU7SAqU0yVc0gfbSXwQ=,6bNz2LtZ+1pkEF2mfN4h9jyxb9c=
0,-22,4eh1FUcfXU7SAqU0yVc0gfbSXwQ=,uDeEOb1S+/18uaLs6wkDuuPQxCk=
7,-25,4eh1FUcfXU7SAqU0yVc0gfbSXwQ=,uDeEOb1S+/18uaLs6wkDuuPQxCk=
0,-23,4eh1FUcfXU7SAqU0yVc0gfbSXwQ=,uDeEOb1S+/18uaLs6wkDuuPQxCk=
3,-26,4eh1FUcfXU7SAqU0yVc0gfbSXwQ=,uDeEOb1S+/18uaLs6wkDuuPQxCk=
4,-17,4eh1FUcfXU7SAqU0yVc0gfbSXwQ=,Z1qq4r5ylUtA9qpARy2vA1/aUmA=
4,-26,4eh1FUcfXU7SAqU0yVc0gfbSXwQ=,uDeEOb1S+/18uaLs6wkDuuPQxCk=
6,-26,4eh1FUcfXU7SAqU0yVc0gfbSXwQ=,uDeEOb1S+/18uaLs6wkDuuPQxCk=
6,-25,4eh1FUcfXU7SAqU0yVc0gfbSXwQ=,uDeEOb1S+/18uaLs6wkDuuPQxCk=
5,-25,4eh1FUcfXU7SAqU0yVc0gfbSXwQ=,uDeEOb1S+/18uaLs6wkDuuPQxCk=
7,-24,4eh1FUcfXU7SAqU0yVc0gfbSXwQ=,FbHOdl286IY1csDb73AVFlw0M5I=
1,-17,4eh1FUcfXU7SAqU0yVc0gfbSXwQ=,oxJLbV3iGTS9XpjYMn9Ebvy4b+Q=
5,-26,4eh1FUcfXU7SAqU0yVc0gfbSXwQ=,uDeEOb1S+/18uaLs6wkDuuPQxCk=
8,-19,4eh1FUcfXU7SAqU0yVc0gfbSXwQ=,QvTEF2kWb+nsIZfvloRJQZR89qg=
2,-17,4eh1FUcfXU7SAqU0yVc0gfbSXwQ=,To9rUH25w+xGX6g/V8YqkIwWY/Y=
3,-17,4eh1FUcfXU7SAqU0yVc0gfbSXwQ=,To9rUH25w+xGX6g/V8YqkIwWY/Y=
8,-24,4eh1FUcfXU7SAqU0yVc0gfbSXwQ=,4te4SSO8gt+cj1dtvxbE6ScR/Iw=
9,-17,4eh1FUcfXU7SAqU0yVc0gfbSXwQ=,QvTEF2kWb+nsIZfvloRJQZR89qg=
10,-17,4eh1FUcfXU7SAqU0yVc0gfbSXwQ=,xBSTu2fsxYpTEkjDU39tx9u1WZQ=
9,-24,4eh1FUcfXU7SAqU0yVc0gfbSXwQ=,4te4SSO8gt+cj1dtvxbE6ScR/Iw=
7,-26,4eh1FUcfXU7SAqU0yVc0gfbSXwQ=,uDeEOb1S+/18uaLs6wkDuuPQxCk=
11,-17,4eh1FUcfXU7SAqU0yVc0gfbSXwQ=,xBSTu2fsxYpTEkjDU39tx9u1WZQ=
6,-24,4eh1FUcfXU7SAqU0yVc0gfbSXwQ=,FbHOdl286IY1csDb73AVFlw0M5I=
0,-20,4eh1FUcfXU7SAqU0yVc0gfbSXwQ=,T28c9XyK6u+cj/WRJr0O7rSP5Ow=
5,-24,4eh1FUcfXU7SAqU0yVc0gfbSXwQ=,pz8dNmpbDlcwY7dZpjRnOKE3HA8=
0,-19,4eh1FUcfXU7SAqU0yVc0gfbSXwQ=,T28c9XyK6u+cj/WRJr0O7rSP5Ow=
0,-21,4eh1FUcfXU7SAqU0yVc0gfbSXwQ=,uDeEOb1S+/18uaLs6wkDuuPQxCk=
0,-18,4eh1FUcfXU7SAqU0yVc0gfbSXwQ=,oxJLbV3iGTS9XpjYMn9Ebvy4b+Q=
0,-17,4eh1FUcfXU7SAqU0yVc0gfbSXwQ=,oxJLbV3iGTS9XpjYMn9Ebvy4b+Q=
5,-18,4eh1FUcfXU7SAqU0yVc0gfbSXwQ=,Z1qq4r5ylUtA9qpARy2vA1/aUmA=
8,-18,4eh1FUcfXU7SAqU0yVc0gfbSXwQ=,QvTEF2kWb+nsIZfvloRJQZR89qg=
5,-19,4eh1FUcfXU7SAqU0yVc0gfbSXwQ=,rlakNOYsjnxPoXY/NO0B67fjpHY=
8,-23,4eh1FUcfXU7SAqU0yVc0gfbSXwQ=,4te4SSO8gt+cj1dtvxbE6ScR/Iw=
8,-17,4eh1FUcfXU7SAqU0yVc0gfbSXwQ=,QvTEF2kWb+nsIZfvloRJQZR89qg=
0,-24,4eh1FUcfXU7SAqU0yVc0gfbSXwQ=,uDeEOb1S+/18uaLs6wkDuuPQxCk=
2,-26,4eh1FUcfXU7SAqU0yVc0gfbSXwQ=,uDeEOb1S+/18uaLs6wkDuuPQxCk=
6,-18,4eh1FUcfXU7SAqU0yVc0gfbSXwQ=,LTt1AVsFrOyMz2STO5sKvlSxN0Q=
7,-17,4eh1FUcfXU7SAqU0yVc0gfbSXwQ=,LTt1AVsFrOyMz2STO5sKvlSxN0Q=
7,-18,4eh1FUcfXU7SAqU0yVc0gfbSXwQ=,LTt1AVsFrOyMz2STO5sKvlSxN0Q=
7,-19,4eh1FUcfXU7SAqU0yVc0gfbSXwQ=,rlakNOYsjnxPoXY/NO0B67fjpHY=
0,-26,4eh1FUcfXU7SAqU0yVc0gfbSXwQ=,uDeEOb1S+/18uaLs6wkDuuPQxCk=
1,-26,4eh1FUcfXU7SAqU0yVc0gfbSXwQ=,uDeEOb1S+/18uaLs6wkDuuPQxCk=
5,-17,4eh1FUcfXU7SAqU0yVc0gfbSXwQ=,Z1qq4r5ylUtA9qpARy2vA1/aUmA=
2,-25,4eh1FUcfXU7SAqU0yVc0gfbSXwQ=,uDeEOb1S+/18uaLs6wkDuuPQxCk=
6,-19,4eh1FUcfXU7SAqU0yVc0gfbSXwQ=,rlakNOYsjnxPoXY/NO0B67fjpHY=
2,-24,4eh1FUcfXU7SAqU0yVc0gfbSXwQ=,3OSSJHJ4P40rrdkfuXJS68Qz5eU=
0,-25,4eh1FUcfXU7SAqU0yVc0gfbSXwQ=,uDeEOb1S+/18uaLs6wkDuuPQxCk=
1,-24,4eh1FUcfXU7SAqU0yVc0gfbSXwQ=,uDeEOb1S+/18uaLs6wkDuuPQxCk=
6,-17,4eh1FUcfXU7SAqU0yVc0gfbSXwQ=,LTt1AVsFrOyMz2STO5sKvlSxN0Q=
1,-25,4eh1FUcfXU7SAqU0yVc0gfbSXwQ=,uDeEOb1S+/18uaLs6wkDuuPQxCk=
