2,1,q0myZlQzuWbFnlQ7n5jG2LcssyQ=,LRJV9LAo/EOXWdXqvoeoytmCZa8=
2,2,q0myZlQzuWbFnlQ7n5jG2LcssyQ=,RX51X6L8bh8E8tsUHr0IflCmGFo=
1,2,q0myZlQzuWbFnlQ7n5jG2LcssyQ=,qW97UM7RHojuKXHS5OtqzVtazF8=
1,1,q0myZlQzuWbFnlQ7n5jG2LcssyQ=,K0uii4DHDOJHUseyt1To6mAyURI=
1,3,q0myZlQzuWbFnlQ7n5jG2LcssyQ=,qW97UM7RHojuKXHS5OtqzVtazF8=
2,3,q0myZlQzuWbFnlQ7n5jG2LcssyQ=,RX51X6L8bh8E8tsUHr0IflCmGFo=
1,4,q0myZlQzuWbFnlQ7n5jG2LcssyQ=,iOCk8m2Qj3+ZNHyEFI+FXBCfGtA=
2,4,q0myZlQzuWbFnlQ7n5jG2LcssyQ=,Z9QZOOP/xyq1fM8bNMxARj4Qf/8=
2,5,q0myZlQzuWbFnlQ7n5jG2LcssyQ=,Z9QZOOP/xyq1fM8bNMxARj4Qf/8=
1,5,q0myZlQzuWbFnlQ7n5jG2LcssyQ=,iOCk8m2Qj3+ZNHyEFI+FXBCfGtA=
2,6,q0myZlQzuWbFnlQ7n5jG2LcssyQ=,cQ3BC6VhC7aELgtAUuXnOkd3tAA=
1,6,q0myZlQzuWbFnlQ7n5jG2LcssyQ=,340L0ySrtUE1e/iVN4NM2mLy80I=
2,9,iMnmYsKsCJBteIbLsDWOEy7+4o4=,tT+fccB/nvyYrgKwY8WKaxKAb5g=
2,8,iMnmYsKsCJBteIbLsDWOEy7+4o4=,tT+fccB/nvyYrgKwY8WKaxKAb5g=
2,10,iMnmYsKsCJBteIbLsDWOEy7+4o4=,2ElVX8iDf1dO0LpZcUcx3wvE1KE=
2,7,iMnmYsKsCJBteIbLsDWOEy7+4o4=,cQ3BC6VhC7aELgtAUuXnOkd3tAA=
1,10,iMnmYsKsCJBteIbLsDWOEy7+4o4=,2ElVX8iDf1dO0LpZcUcx3wvE1KE=
1,9,iMnmYsKsCJBteIbLsDWOEy7+4o4=,dzL6PDTNC/Is5OfDrF/ZXX+2tpg=
1,8,iMnmYsKsCJBteIbLsDWOEy7+4o4=,dzL6PDTNC/Is5OfDrF/ZXX+2tpg=
1,7,iMnmYsKsCJBteIbLsDWOEy7+4o4=,340L0ySrtUE1e/iVN4NM2mLy80I=
4,8,iMnmYsKsCJBteIbLsDWOEy7+4o4=,8BCKv+7X+peg3I1AZ/H1CmlWNn8=
4,7,iMnmYsKsCJBteIbLsDWOEy7+4o4=,LB4DDj3ku41QbbCaVzMK5zP+xEA=
3,8,iMnmYsKsCJBteIbLsDWOEy7+4o4=,tT+fccB/nvyYrgKwY8WKaxKAb5g=
3,7,iMnmYsKsCJBteIbLsDWOEy7+4o4=,cQ3BC6VhC7aELgtAUuXnOkd3tAA=
4,6,iMnmYsKsCJBteIbLsDWOEy7+4o4=,LB4DDj3ku41QbbCaVzMK5zP+xEA=
4,5,iMnmYsKsCJBteIbLsDWOEy7+4o4=,6Wyt90qIH1lLy+ORRXGNk2zGcU4=
3,5,iMnmYsKsCJBteIbLsDWOEy7+4o4=,Z9QZOOP/xyq1fM8bNMxARj4Qf/8=
3,6,iMnmYsKsCJBteIbLsDWOEy7+4o4=,cQ3BC6VhC7aELgtAUuXnOkd3tAA=
4,3,iMnmYsKsCJBteIbLsDWOEy7+4o4=,8tsCi/et4sZ756h4t67mkknKOzc=
4,2,iMnmYsKsCJBteIbLsDWOEy7+4o4=,8tsCi/et4sZ756h4t67mkknKOzc=
3,2,iMnmYsKsCJBteIbLsDWOEy7+4o4=,RX51X6L8bh8E8tsUHr0IflCmGFo=
3,1,iMnmYsKsCJBteIbLsDWOEy7+4o4=,LRJV9LAo/EOXWdXqvoeoytmCZa8=
4,1,iMnmYsKsCJBteIbLsDWOEy7+4o4=,Egb4atCAlqA6343772AwJT75hRY=
3,4,iMnmYsKsCJBteIbLsDWOEy7+4o4=,Z9QZOOP/xyq1fM8bNMxARj4Qf/8=
3,3,iMnmYsKsCJBteIbLsDWOEy7+4o4=,RX51X6L8bh8E8tsUHr0IflCmGFo=
4,4,iMnmYsKsCJBteIbLsDWOEy7+4o4=,6Wyt90qIH1lLy+ORRXGNk2zGcU4=
6,3,iMnmYsKsCJBteIbLsDWOEy7+4o4=,lX3OSBpz9xc7ud/w0aA2XMjbFZg=
5,4,iMnmYsKsCJBteIbLsDWOEy7+4o4=,6Wyt90qIH1lLy+ORRXGNk2zGcU4=
6,4,iMnmYsKsCJBteIbLsDWOEy7+4o4=,KXx8nnNZDYru/LbU4iqutNST68Y=
5,5,iMnmYsKsCJBteIbLsDWOEy7+4o4=,6Wyt90qIH1lLy+ORRXGNk2zGcU4=
6,5,iMnmYsKsCJBteIbLsDWOEy7+4o4=,KXx8nnNZDYru/LbU4iqutNST68Y=
6,6,iMnmYsKsCJBteIbLsDWOEy7+4o4=,QjKihSIcB71+IqTSxHNH1u7YwrA=
5,3,iMnmYsKsCJBteIbLsDWOEy7+4o4=,8tsCi/et4sZ756h4t67mkknKOzc=
5,6,iMnmYsKsCJBteIbLsDWOEy7+4o4=,LB4DDj3ku41QbbCaVzMK5zP+xEA=
6,8,iMnmYsKsCJBteIbLsDWOEy7+4o4=,zQozAmsgDwgXm/9F120kJKoixxs=
6,7,iMnmYsKsCJBteIbLsDWOEy7+4o4=,QjKihSIcB71+IqTSxHNH1u7YwrA=
5,8,iMnmYsKsCJBteIbLsDWOEy7+4o4=,8BCKv+7X+peg3I1AZ/H1CmlWNn8=
5,7,iMnmYsKsCJBteIbLsDWOEy7+4o4=,LB4DDj3ku41QbbCaVzMK5zP+xEA=
4,10,iMnmYsKsCJBteIbLsDWOEy7+4o4=,k3uP1YLePRv6mNeM+0He+1kyj5M=
4,9,iMnmYsKsCJBteIbLsDWOEy7+4o4=,8BCKv+7X+peg3I1AZ/H1CmlWNn8=
3,9,iMnmYsKsCJBteIbLsDWOEy7+4o4=,tT+fccB/nvyYrgKwY8WKaxKAb5g=
3,10,iMnmYsKsCJBteIbLsDWOEy7+4o4=,2ElVX8iDf1dO0LpZcUcx3wvE1KE=
6,1,iMnmYsKsCJBteIbLsDWOEy7+4o4=,7O+Rq6JTxzUekYBXU2zeA6sooks=
6,2,iMnmYsKsCJBteIbLsDWOEy7+4o4=,lX3OSBpz9xc7ud/w0aA2XMjbFZg=
6,9,iMnmYsKsCJBteIbLsDWOEy7+4o4=,zQozAmsgDwgXm/9F120kJKoixxs=
5,1,iMnmYsKsCJBteIbLsDWOEy7+4o4=,Egb4atCAlqA6343772AwJT75hRY=
6,10,iMnmYsKsCJBteIbLsDWOEy7+4o4=,KlVahOSU2oz132yq/3eWzFjNGD4=
5,2,iMnmYsKsCJBteIbLsDWOEy7+4o4=,8tsCi/et4sZ756h4t67mkknKOzc=
5,9,iMnmYsKsCJBteIbLsDWOEy7+4o4=,8BCKv+7X+peg3I1AZ/H1CmlWNn8=
6,11,iMnmYsKsCJBteIbLsDWOEy7+4o4=,KlVahOSU2oz132yq/3eWzFjNGD4=
5,10,iMnmYsKsCJBteIbLsDWOEy7+4o4=,k3uP1YLePRv6mNeM+0He+1kyj5M=
6,12,iMnmYsKsCJBteIbLsDWOEy7+4o4=,12yvFBKHzlIfGJR8Nf7HlkkhPIg=
5,11,iMnmYsKsCJBteIbLsDWOEy7+4o4=,k3uP1YLePRv6mNeM+0He+1kyj5M=
5,12,iMnmYsKsCJBteIbLsDWOEy7+4o4=,ywK1cnlJr0TE7HiS4fwKcXhRHi4=
8,12,U7g83c8YxzyL0b94YI9upYu6KB4=,ywK1cnlJr0TE7HiS4fwKcXhRHi4=
8,11,U7g83c8YxzyL0b94YI9upYu6KB4=,jEx/g6I1cT9+oM85QP2EWYA4zOM=
7,11,U7g83c8YxzyL0b94YI9upYu6KB4=,KlVahOSU2oz132yq/3eWzFjNGD4=
7,12,U7g83c8YxzyL0b94YI9upYu6KB4=,12yvFBKHzlIfGJR8Nf7HlkkhPIg=
8,10,U7g83c8YxzyL0b94YI9upYu6KB4=,jEx/g6I1cT9+oM85QP2EWYA4zOM=
8,9,U7g83c8YxzyL0b94YI9upYu6KB4=,jEx/g6I1cT9+oM85QP2EWYA4zOM=
7,9,U7g83c8YxzyL0b94YI9upYu6KB4=,zQozAmsgDwgXm/9F120kJKoixxs=
7,10,U7g83c8YxzyL0b94YI9upYu6KB4=,KlVahOSU2oz132yq/3eWzFjNGD4=
8,7,U7g83c8YxzyL0b94YI9upYu6KB4=,qmzcej2V9WNrQwJ010xIe8PSbM4=
8,6,U7g83c8YxzyL0b94YI9upYu6KB4=,qmzcej2V9WNrQwJ010xIe8PSbM4=
7,7,U7g83c8YxzyL0b94YI9upYu6KB4=,QjKihSIcB71+IqTSxHNH1u7YwrA=
8,8,U7g83c8YxzyL0b94YI9upYu6KB4=,jEx/g6I1cT9+oM85QP2EWYA4zOM=
7,8,U7g83c8YxzyL0b94YI9upYu6KB4=,zQozAmsgDwgXm/9F120kJKoixxs=
7,6,U7g83c8YxzyL0b94YI9upYu6KB4=,QjKihSIcB71+IqTSxHNH1u7YwrA=
8,5,U7g83c8YxzyL0b94YI9upYu6KB4=,qmzcej2V9WNrQwJ010xIe8PSbM4=
7,5,U7g83c8YxzyL0b94YI9upYu6KB4=,KXx8nnNZDYru/LbU4iqutNST68Y=
8,4,U7g83c8YxzyL0b94YI9upYu6KB4=,qmzcej2V9WNrQwJ010xIe8PSbM4=
8,3,U7g83c8YxzyL0b94YI9upYu6KB4=,btcb1x8PFcBkuKd+rVskUwejeVE=
7,3,U7g83c8YxzyL0b94YI9upYu6KB4=,lX3OSBpz9xc7ud/w0aA2XMjbFZg=
7,4,U7g83c8YxzyL0b94YI9upYu6KB4=,KXx8nnNZDYru/LbU4iqutNST68Y=
8,2,U7g83c8YxzyL0b94YI9upYu6KB4=,btcb1x8PFcBkuKd+rVskUwejeVE=
8,1,U7g83c8YxzyL0b94YI9upYu6KB4=,wPEKRPvgJqXzz+rmquHm9hWn1uo=
7,1,U7g83c8YxzyL0b94YI9upYu6KB4=,7O+Rq6JTxzUekYBXU2zeA6sooks=
10,5,U7g83c8YxzyL0b94YI9upYu6KB4=,SEwiA8CFP4w/gZ0sQPqOBGODxHg=
10,6,U7g83c8YxzyL0b94YI9upYu6KB4=,S5/0FNxHFZCup/NinB0scss2E7U=
7,2,U7g83c8YxzyL0b94YI9upYu6KB4=,lX3OSBpz9xc7ud/w0aA2XMjbFZg=
9,6,U7g83c8YxzyL0b94YI9upYu6KB4=,qmzcej2V9WNrQwJ010xIe8PSbM4=
9,5,U7g83c8YxzyL0b94YI9upYu6KB4=,qmzcej2V9WNrQwJ010xIe8PSbM4=
10,4,U7g83c8YxzyL0b94YI9upYu6KB4=,SEwiA8CFP4w/gZ0sQPqOBGODxHg=
10,3,U7g83c8YxzyL0b94YI9upYu6KB4=,btcb1x8PFcBkuKd+rVskUwejeVE=
9,4,U7g83c8YxzyL0b94YI9upYu6KB4=,qmzcej2V9WNrQwJ010xIe8PSbM4=
9,3,U7g83c8YxzyL0b94YI9upYu6KB4=,btcb1x8PFcBkuKd+rVskUwejeVE=
10,1,U7g83c8YxzyL0b94YI9upYu6KB4=,wPEKRPvgJqXzz+rmquHm9hWn1uo=
10,2,U7g83c8YxzyL0b94YI9upYu6KB4=,btcb1x8PFcBkuKd+rVskUwejeVE=
9,2,U7g83c8YxzyL0b94YI9upYu6KB4=,btcb1x8PFcBkuKd+rVskUwejeVE=
12,2,U7g83c8YxzyL0b94YI9upYu6KB4=,btcb1x8PFcBkuKd+rVskUwejeVE=
9,1,U7g83c8YxzyL0b94YI9upYu6KB4=,wPEKRPvgJqXzz+rmquHm9hWn1uo=
11,1,U7g83c8YxzyL0b94YI9upYu6KB4=,wPEKRPvgJqXzz+rmquHm9hWn1uo=
11,2,U7g83c8YxzyL0b94YI9upYu6KB4=,btcb1x8PFcBkuKd+rVskUwejeVE=
12,1,U7g83c8YxzyL0b94YI9upYu6KB4=,EXqidcPWsggnpQrAPOlHShlAfqg=
12,6,U7g83c8YxzyL0b94YI9upYu6KB4=,3AkpCEjW03Dn62gcUNONmDrVDcE=
12,3,U7g83c8YxzyL0b94YI9upYu6KB4=,btcb1x8PFcBkuKd+rVskUwejeVE=
12,5,U7g83c8YxzyL0b94YI9upYu6KB4=,D+XO06k5J9nHR+7Ks1FLdHveEo4=
12,4,U7g83c8YxzyL0b94YI9upYu6KB4=,D+XO06k5J9nHR+7Ks1FLdHveEo4=
11,5,U7g83c8YxzyL0b94YI9upYu6KB4=,SEwiA8CFP4w/gZ0sQPqOBGODxHg=
11,3,U7g83c8YxzyL0b94YI9upYu6KB4=,btcb1x8PFcBkuKd+rVskUwejeVE=
11,4,U7g83c8YxzyL0b94YI9upYu6KB4=,SEwiA8CFP4w/gZ0sQPqOBGODxHg=
11,6,U7g83c8YxzyL0b94YI9upYu6KB4=,S5/0FNxHFZCup/NinB0scss2E7U=
9,8,AQqYjtuZke+g2Bli2sbLUM0K4oI=,jEx/g6I1cT9+oM85QP2EWYA4zOM=
12,7,AQqYjtuZke+g2Bli2sbLUM0K4oI=,3AkpCEjW03Dn62gcUNONmDrVDcE=
12,10,AQqYjtuZke+g2Bli2sbLUM0K4oI=,WMO2HxcAGCMBNrQAeHO7Dm34Q0o=
12,9,AQqYjtuZke+g2Bli2sbLUM0K4oI=,2rZDjasquSFCGluMWLmMn4k/mXk=
12,8,AQqYjtuZke+g2Bli2sbLUM0K4oI=,2rZDjasquSFCGluMWLmMn4k/mXk=
9,9,AQqYjtuZke+g2Bli2sbLUM0K4oI=,jEx/g6I1cT9+oM85QP2EWYA4zOM=
9,10,AQqYjtuZke+g2Bli2sbLUM0K4oI=,jEx/g6I1cT9+oM85QP2EWYA4zOM=
11,7,AQqYjtuZke+g2Bli2sbLUM0K4oI=,S5/0FNxHFZCup/NinB0scss2E7U=
10,7,AQqYjtuZke+g2Bli2sbLUM0K4oI=,S5/0FNxHFZCup/NinB0scss2E7U=
11,9,AQqYjtuZke+g2Bli2sbLUM0K4oI=,6bGSO8rP42B4SBP+nZ9GVbhXZxU=
10,9,AQqYjtuZke+g2Bli2sbLUM0K4oI=,6bGSO8rP42B4SBP+nZ9GVbhXZxU=
10,10,AQqYjtuZke+g2Bli2sbLUM0K4oI=,6bGSO8rP42B4SBP+nZ9GVbhXZxU=
11,10,AQqYjtuZke+g2Bli2sbLUM0K4oI=,6bGSO8rP42B4SBP+nZ9GVbhXZxU=
9,7,AQqYjtuZke+g2Bli2sbLUM0K4oI=,qmzcej2V9WNrQwJ010xIe8PSbM4=
10,8,AQqYjtuZke+g2Bli2sbLUM0K4oI=,6bGSO8rP42B4SBP+nZ9GVbhXZxU=
11,8,AQqYjtuZke+g2Bli2sbLUM0K4oI=,6bGSO8rP42B4SBP+nZ9GVbhXZxU=
14,7,AQqYjtuZke+g2Bli2sbLUM0K4oI=,9fA/sHJPWq3uIlLLw8QHgLlr/AE=
14,9,AQqYjtuZke+g2Bli2sbLUM0K4oI=,WeOU1LpW57rpXMe1Gyd4NtBklYk=
13,8,AQqYjtuZke+g2Bli2sbLUM0K4oI=,2rZDjasquSFCGluMWLmMn4k/mXk=
13,10,AQqYjtuZke+g2Bli2sbLUM0K4oI=,WMO2HxcAGCMBNrQAeHO7Dm34Q0o=
13,9,AQqYjtuZke+g2Bli2sbLUM0K4oI=,2rZDjasquSFCGluMWLmMn4k/mXk=
14,8,AQqYjtuZke+g2Bli2sbLUM0K4oI=,WeOU1LpW57rpXMe1Gyd4NtBklYk=
13,7,AQqYjtuZke+g2Bli2sbLUM0K4oI=,3AkpCEjW03Dn62gcUNONmDrVDcE=
14,10,AQqYjtuZke+g2Bli2sbLUM0K4oI=,WMO2HxcAGCMBNrQAeHO7Dm34Q0o=
15,7,AQqYjtuZke+g2Bli2sbLUM0K4oI=,9fA/sHJPWq3uIlLLw8QHgLlr/AE=
15,8,AQqYjtuZke+g2Bli2sbLUM0K4oI=,WeOU1LpW57rpXMe1Gyd4NtBklYk=
13,5,AQqYjtuZke+g2Bli2sbLUM0K4oI=,D+XO06k5J9nHR+7Ks1FLdHveEo4=
14,3,AQqYjtuZke+g2Bli2sbLUM0K4oI=,EXqidcPWsggnpQrAPOlHShlAfqg=
13,4,AQqYjtuZke+g2Bli2sbLUM0K4oI=,D+XO06k5J9nHR+7Ks1FLdHveEo4=
13,6,AQqYjtuZke+g2Bli2sbLUM0K4oI=,3AkpCEjW03Dn62gcUNONmDrVDcE=
15,4,AQqYjtuZke+g2Bli2sbLUM0K4oI=,qKV/mjKf7s4DeLL16hPqzqafTEs=
14,6,AQqYjtuZke+g2Bli2sbLUM0K4oI=,9fA/sHJPWq3uIlLLw8QHgLlr/AE=
15,6,AQqYjtuZke+g2Bli2sbLUM0K4oI=,9fA/sHJPWq3uIlLLw8QHgLlr/AE=
13,3,AQqYjtuZke+g2Bli2sbLUM0K4oI=,btcb1x8PFcBkuKd+rVskUwejeVE=
14,5,AQqYjtuZke+g2Bli2sbLUM0K4oI=,qKV/mjKf7s4DeLL16hPqzqafTEs=
14,4,AQqYjtuZke+g2Bli2sbLUM0K4oI=,qKV/mjKf7s4DeLL16hPqzqafTEs=
12,0,AQqYjtuZke+g2Bli2sbLUM0K4oI=,EXqidcPWsggnpQrAPOlHShlAfqg=
15,5,AQqYjtuZke+g2Bli2sbLUM0K4oI=,qKV/mjKf7s4DeLL16hPqzqafTEs=
10,0,AQqYjtuZke+g2Bli2sbLUM0K4oI=,wPEKRPvgJqXzz+rmquHm9hWn1uo=
11,0,AQqYjtuZke+g2Bli2sbLUM0K4oI=,wPEKRPvgJqXzz+rmquHm9hWn1uo=
8,0,AQqYjtuZke+g2Bli2sbLUM0K4oI=,wPEKRPvgJqXzz+rmquHm9hWn1uo=
9,0,AQqYjtuZke+g2Bli2sbLUM0K4oI=,wPEKRPvgJqXzz+rmquHm9hWn1uo=
15,3,AQqYjtuZke+g2Bli2sbLUM0K4oI=,EXqidcPWsggnpQrAPOlHShlAfqg=
2,0,AQqYjtuZke+g2Bli2sbLUM0K4oI=,LRJV9LAo/EOXWdXqvoeoytmCZa8=
1,0,AQqYjtuZke+g2Bli2sbLUM0K4oI=,K0uii4DHDOJHUseyt1To6mAyURI=
0,0,AQqYjtuZke+g2Bli2sbLUM0K4oI=,K0uii4DHDOJHUseyt1To6mAyURI=
7,0,AQqYjtuZke+g2Bli2sbLUM0K4oI=,7O+Rq6JTxzUekYBXU2zeA6sooks=
0,10,AQqYjtuZke+g2Bli2sbLUM0K4oI=,2ElVX8iDf1dO0LpZcUcx3wvE1KE=
0,11,AQqYjtuZke+g2Bli2sbLUM0K4oI=,2ElVX8iDf1dO0LpZcUcx3wvE1KE=
4,11,AQqYjtuZke+g2Bli2sbLUM0K4oI=,k3uP1YLePRv6mNeM+0He+1kyj5M=
4,12,AQqYjtuZke+g2Bli2sbLUM0K4oI=,ywK1cnlJr0TE7HiS4fwKcXhRHi4=
3,0,AQqYjtuZke+g2Bli2sbLUM0K4oI=,LRJV9LAo/EOXWdXqvoeoytmCZa8=
3,12,AQqYjtuZke+g2Bli2sbLUM0K4oI=,7N/S+RLG3mbeqJBhfgkd6f3HFoQ=
2,12,AQqYjtuZke+g2Bli2sbLUM0K4oI=,7N/S+RLG3mbeqJBhfgkd6f3HFoQ=
6,0,AQqYjtuZke+g2Bli2sbLUM0K4oI=,7O+Rq6JTxzUekYBXU2zeA6sooks=
4,0,AQqYjtuZke+g2Bli2sbLUM0K4oI=,Egb4atCAlqA6343772AwJT75hRY=
4,13,AQqYjtuZke+g2Bli2sbLUM0K4oI=,ywK1cnlJr0TE7HiS4fwKcXhRHi4=
3,13,AQqYjtuZke+g2Bli2sbLUM0K4oI=,7N/S+RLG3mbeqJBhfgkd6f3HFoQ=
5,0,AQqYjtuZke+g2Bli2sbLUM0K4oI=,Egb4atCAlqA6343772AwJT75hRY=
6,13,AQqYjtuZke+g2Bli2sbLUM0K4oI=,12yvFBKHzlIfGJR8Nf7HlkkhPIg=
6,14,AQqYjtuZke+g2Bli2sbLUM0K4oI=,7N/S+RLG3mbeqJBhfgkd6f3HFoQ=
8,13,AQqYjtuZke+g2Bli2sbLUM0K4oI=,ywK1cnlJr0TE7HiS4fwKcXhRHi4=
5,13,AQqYjtuZke+g2Bli2sbLUM0K4oI=,ywK1cnlJr0TE7HiS4fwKcXhRHi4=
7,13,AQqYjtuZke+g2Bli2sbLUM0K4oI=,12yvFBKHzlIfGJR8Nf7HlkkhPIg=
7,14,AQqYjtuZke+g2Bli2sbLUM0K4oI=,7N/S+RLG3mbeqJBhfgkd6f3HFoQ=
0,9,AQqYjtuZke+g2Bli2sbLUM0K4oI=,dzL6PDTNC/Is5OfDrF/ZXX+2tpg=
0,5,AQqYjtuZke+g2Bli2sbLUM0K4oI=,iOCk8m2Qj3+ZNHyEFI+FXBCfGtA=
0,6,AQqYjtuZke+g2Bli2sbLUM0K4oI=,340L0ySrtUE1e/iVN4NM2mLy80I=
1,11,AQqYjtuZke+g2Bli2sbLUM0K4oI=,2ElVX8iDf1dO0LpZcUcx3wvE1KE=
14,11,AQqYjtuZke+g2Bli2sbLUM0K4oI=,WMO2HxcAGCMBNrQAeHO7Dm34Q0o=
15,1,AQqYjtuZke+g2Bli2sbLUM0K4oI=,EXqidcPWsggnpQrAPOlHShlAfqg=
13,11,AQqYjtuZke+g2Bli2sbLUM0K4oI=,WMO2HxcAGCMBNrQAeHO7Dm34Q0o=
0,7,AQqYjtuZke+g2Bli2sbLUM0K4oI=,340L0ySrtUE1e/iVN4NM2mLy80I=
15,0,AQqYjtuZke+g2Bli2sbLUM0K4oI=,EXqidcPWsggnpQrAPOlHShlAfqg=
12,11,AQqYjtuZke+g2Bli2sbLUM0K4oI=,WMO2HxcAGCMBNrQAeHO7Dm34Q0o=
11,13,AQqYjtuZke+g2Bli2sbLUM0K4oI=,ywK1cnlJr0TE7HiS4fwKcXhRHi4=
12,14,AQqYjtuZke+g2Bli2sbLUM0K4oI=,xBSTu2fsxYpTEkjDU39tx9u1WZQ=
11,12,AQqYjtuZke+g2Bli2sbLUM0K4oI=,ywK1cnlJr0TE7HiS4fwKcXhRHi4=
10,12,AQqYjtuZke+g2Bli2sbLUM0K4oI=,ywK1cnlJr0TE7HiS4fwKcXhRHi4=
11,11,AQqYjtuZke+g2Bli2sbLUM0K4oI=,6bGSO8rP42B4SBP+nZ9GVbhXZxU=
10,11,AQqYjtuZke+g2Bli2sbLUM0K4oI=,6bGSO8rP42B4SBP+nZ9GVbhXZxU=
9,13,AQqYjtuZke+g2Bli2sbLUM0K4oI=,ywK1cnlJr0TE7HiS4fwKcXhRHi4=
9,12,AQqYjtuZke+g2Bli2sbLUM0K4oI=,ywK1cnlJr0TE7HiS4fwKcXhRHi4=
15,2,AQqYjtuZke+g2Bli2sbLUM0K4oI=,EXqidcPWsggnpQrAPOlHShlAfqg=
15,11,AQqYjtuZke+g2Bli2sbLUM0K4oI=,WMO2HxcAGCMBNrQAeHO7Dm34Q0o=
13,2,AQqYjtuZke+g2Bli2sbLUM0K4oI=,btcb1x8PFcBkuKd+rVskUwejeVE=
14,2,AQqYjtuZke+g2Bli2sbLUM0K4oI=,EXqidcPWsggnpQrAPOlHShlAfqg=
14,0,AQqYjtuZke+g2Bli2sbLUM0K4oI=,EXqidcPWsggnpQrAPOlHShlAfqg=
2,11,AQqYjtuZke+g2Bli2sbLUM0K4oI=,2ElVX8iDf1dO0LpZcUcx3wvE1KE=
3,11,AQqYjtuZke+g2Bli2sbLUM0K4oI=,2ElVX8iDf1dO0LpZcUcx3wvE1KE=
13,1,AQqYjtuZke+g2Bli2sbLUM0K4oI=,EXqidcPWsggnpQrAPOlHShlAfqg=
9,11,AQqYjtuZke+g2Bli2sbLUM0K4oI=,jEx/g6I1cT9+oM85QP2EWYA4zOM=
15,10,AQqYjtuZke+g2Bli2sbLUM0K4oI=,WMO2HxcAGCMBNrQAeHO7Dm34Q0o=
0,1,AQqYjtuZke+g2Bli2sbLUM0K4oI=,K0uii4DHDOJHUseyt1To6mAyURI=
13,0,AQqYjtuZke+g2Bli2sbLUM0K4oI=,EXqidcPWsggnpQrAPOlHShlAfqg=
15,9,AQqYjtuZke+g2Bli2sbLUM0K4oI=,WeOU1LpW57rpXMe1Gyd4NtBklYk=
0,4,AQqYjtuZke+g2Bli2sbLUM0K4oI=,iOCk8m2Qj3+ZNHyEFI+FXBCfGtA=
0,2,AQqYjtuZke+g2Bli2sbLUM0K4oI=,qW97UM7RHojuKXHS5OtqzVtazF8=
0,3,AQqYjtuZke+g2Bli2sbLUM0K4oI=,qW97UM7RHojuKXHS5OtqzVtazF8=
0,8,AQqYjtuZke+g2Bli2sbLUM0K4oI=,dzL6PDTNC/Is5OfDrF/ZXX+2tpg=
14,1,AQqYjtuZke+g2Bli2sbLUM0K4oI=,EXqidcPWsggnpQrAPOlHShlAfqg=
10,13,AQqYjtuZke+g2Bli2sbLUM0K4oI=,ywK1cnlJr0TE7HiS4fwKcXhRHi4=
22,4,EqdtnZ0oRZdXKC8hbrKOCL2b14Q=,p1dp1vWCJ5rwfTLvAH0ueqJMtUQ=
21,4,EqdtnZ0oRZdXKC8hbrKOCL2b14Q=,9e1n9m7QmpKfQngQ1r/PzcGF1B8=
22,3,EqdtnZ0oRZdXKC8hbrKOCL2b14Q=,9skybILwS6ocGC+H+r59vm78gtA=
21,3,EqdtnZ0oRZdXKC8hbrKOCL2b14Q=,AEe8aKXa22QAyWs8fZFa0Jrtk98=
19,5,EqdtnZ0oRZdXKC8hbrKOCL2b14Q=,ft2VXs7u3Cr5qBTJRIaZTiB05IQ=
20,6,EqdtnZ0oRZdXKC8hbrKOCL2b14Q=,aozan2EO5RBBGyh0tIYEEBiTBRA=
19,6,EqdtnZ0oRZdXKC8hbrKOCL2b14Q=,w6LJwEIu1ublFyibWYqWcUe5cnw=
20,5,EqdtnZ0oRZdXKC8hbrKOCL2b14Q=,9e1n9m7QmpKfQngQ1r/PzcGF1B8=
20,8,EqdtnZ0oRZdXKC8hbrKOCL2b14Q=,gCjEPw3QAg7ERbNFXjWJkmTo4so=
20,7,EqdtnZ0oRZdXKC8hbrKOCL2b14Q=,aozan2EO5RBBGyh0tIYEEBiTBRA=
19,7,EqdtnZ0oRZdXKC8hbrKOCL2b14Q=,w6LJwEIu1ublFyibWYqWcUe5cnw=
19,8,EqdtnZ0oRZdXKC8hbrKOCL2b14Q=,gCjEPw3QAg7ERbNFXjWJkmTo4so=
17,10,EqdtnZ0oRZdXKC8hbrKOCL2b14Q=,WMO2HxcAGCMBNrQAeHO7Dm34Q0o=
18,9,EqdtnZ0oRZdXKC8hbrKOCL2b14Q=,gCjEPw3QAg7ERbNFXjWJkmTo4so=
17,9,EqdtnZ0oRZdXKC8hbrKOCL2b14Q=,/XZEx2WUa4Qejjh2Ac9xN6LJfAU=
18,10,EqdtnZ0oRZdXKC8hbrKOCL2b14Q=,WMO2HxcAGCMBNrQAeHO7Dm34Q0o=
17,8,EqdtnZ0oRZdXKC8hbrKOCL2b14Q=,/XZEx2WUa4Qejjh2Ac9xN6LJfAU=
18,7,EqdtnZ0oRZdXKC8hbrKOCL2b14Q=,w6LJwEIu1ublFyibWYqWcUe5cnw=
18,8,EqdtnZ0oRZdXKC8hbrKOCL2b14Q=,gCjEPw3QAg7ERbNFXjWJkmTo4so=
17,7,EqdtnZ0oRZdXKC8hbrKOCL2b14Q=,WvopbVsX2sBdBAxXU9C6U1p8y9o=
17,5,EqdtnZ0oRZdXKC8hbrKOCL2b14Q=,DsLld0LYA3tZxLtWWiyF3gKches=
17,6,EqdtnZ0oRZdXKC8hbrKOCL2b14Q=,WvopbVsX2sBdBAxXU9C6U1p8y9o=
18,6,EqdtnZ0oRZdXKC8hbrKOCL2b14Q=,w6LJwEIu1ublFyibWYqWcUe5cnw=
18,5,EqdtnZ0oRZdXKC8hbrKOCL2b14Q=,ft2VXs7u3Cr5qBTJRIaZTiB05IQ=
18,4,KTLXHnW+WsHJZAaJTC87FLLmGy0=,ft2VXs7u3Cr5qBTJRIaZTiB05IQ=
17,4,KTLXHnW+WsHJZAaJTC87FLLmGy0=,DsLld0LYA3tZxLtWWiyF3gKches=
19,4,KTLXHnW+WsHJZAaJTC87FLLmGy0=,ft2VXs7u3Cr5qBTJRIaZTiB05IQ=
19,3,KTLXHnW+WsHJZAaJTC87FLLmGy0=,cMkaq0RuHcdzfqmOmLvW3QYxfGc=
18,3,KTLXHnW+WsHJZAaJTC87FLLmGy0=,cMkaq0RuHcdzfqmOmLvW3QYxfGc=
20,3,KTLXHnW+WsHJZAaJTC87FLLmGy0=,AEe8aKXa22QAyWs8fZFa0Jrtk98=
20,4,KTLXHnW+WsHJZAaJTC87FLLmGy0=,9e1n9m7QmpKfQngQ1r/PzcGF1B8=
17,3,KTLXHnW+WsHJZAaJTC87FLLmGy0=,dTd7SBL2jywG4A6a77rJL+RNrog=
17,0,KTLXHnW+WsHJZAaJTC87FLLmGy0=,uzf62/O8mmEpuE/agYMP47UYFVU=
16,3,KTLXHnW+WsHJZAaJTC87FLLmGy0=,dTd7SBL2jywG4A6a77rJL+RNrog=
16,4,KTLXHnW+WsHJZAaJTC87FLLmGy0=,DsLld0LYA3tZxLtWWiyF3gKches=
18,0,KTLXHnW+WsHJZAaJTC87FLLmGy0=,FO7L0G4Z9Rn8CPYhz9z29GngpL4=
17,2,KTLXHnW+WsHJZAaJTC87FLLmGy0=,dTd7SBL2jywG4A6a77rJL+RNrog=
16,5,KTLXHnW+WsHJZAaJTC87FLLmGy0=,DsLld0LYA3tZxLtWWiyF3gKches=
17,1,KTLXHnW+WsHJZAaJTC87FLLmGy0=,uzf62/O8mmEpuE/agYMP47UYFVU=
16,1,KTLXHnW+WsHJZAaJTC87FLLmGy0=,uzf62/O8mmEpuE/agYMP47UYFVU=
16,2,KTLXHnW+WsHJZAaJTC87FLLmGy0=,dTd7SBL2jywG4A6a77rJL+RNrog=
18,1,KTLXHnW+WsHJZAaJTC87FLLmGy0=,FO7L0G4Z9Rn8CPYhz9z29GngpL4=
23,2,KTLXHnW+WsHJZAaJTC87FLLmGy0=,9skybILwS6ocGC+H+r59vm78gtA=
23,1,KTLXHnW+WsHJZAaJTC87FLLmGy0=,JSOkfbffshor62zDOeMdUnMD55Y=
17,11,KTLXHnW+WsHJZAaJTC87FLLmGy0=,WMO2HxcAGCMBNrQAeHO7Dm34Q0o=
18,11,KTLXHnW+WsHJZAaJTC87FLLmGy0=,WMO2HxcAGCMBNrQAeHO7Dm34Q0o=
18,2,KTLXHnW+WsHJZAaJTC87FLLmGy0=,cMkaq0RuHcdzfqmOmLvW3QYxfGc=
16,6,KTLXHnW+WsHJZAaJTC87FLLmGy0=,WvopbVsX2sBdBAxXU9C6U1p8y9o=
16,11,KTLXHnW+WsHJZAaJTC87FLLmGy0=,WMO2HxcAGCMBNrQAeHO7Dm34Q0o=
27,13,KTLXHnW+WsHJZAaJTC87FLLmGy0=,L5NOLcYKkF8vckC8hW0NOu3tEJo=
26,13,KTLXHnW+WsHJZAaJTC87FLLmGy0=,L5NOLcYKkF8vckC8hW0NOu3tEJo=
23,4,KTLXHnW+WsHJZAaJTC87FLLmGy0=,p1dp1vWCJ5rwfTLvAH0ueqJMtUQ=
23,3,KTLXHnW+WsHJZAaJTC87FLLmGy0=,9skybILwS6ocGC+H+r59vm78gtA=
16,8,KTLXHnW+WsHJZAaJTC87FLLmGy0=,/XZEx2WUa4Qejjh2Ac9xN6LJfAU=
19,9,KTLXHnW+WsHJZAaJTC87FLLmGy0=,gCjEPw3QAg7ERbNFXjWJkmTo4so=
22,10,KTLXHnW+WsHJZAaJTC87FLLmGy0=,kcBiJ0QW+FiDBjOU5793x+9bSZE=
19,10,KTLXHnW+WsHJZAaJTC87FLLmGy0=,WMO2HxcAGCMBNrQAeHO7Dm34Q0o=
20,9,KTLXHnW+WsHJZAaJTC87FLLmGy0=,gCjEPw3QAg7ERbNFXjWJkmTo4so=
21,9,KTLXHnW+WsHJZAaJTC87FLLmGy0=,gCjEPw3QAg7ERbNFXjWJkmTo4so=
19,11,KTLXHnW+WsHJZAaJTC87FLLmGy0=,WMO2HxcAGCMBNrQAeHO7Dm34Q0o=
16,9,KTLXHnW+WsHJZAaJTC87FLLmGy0=,/XZEx2WUa4Qejjh2Ac9xN6LJfAU=
16,10,KTLXHnW+WsHJZAaJTC87FLLmGy0=,WMO2HxcAGCMBNrQAeHO7Dm34Q0o=
26,12,KTLXHnW+WsHJZAaJTC87FLLmGy0=,L5NOLcYKkF8vckC8hW0NOu3tEJo=
27,12,KTLXHnW+WsHJZAaJTC87FLLmGy0=,L5NOLcYKkF8vckC8hW0NOu3tEJo=
23,0,KTLXHnW+WsHJZAaJTC87FLLmGy0=,JSOkfbffshor62zDOeMdUnMD55Y=
16,7,KTLXHnW+WsHJZAaJTC87FLLmGy0=,WvopbVsX2sBdBAxXU9C6U1p8y9o=
23,5,KTLXHnW+WsHJZAaJTC87FLLmGy0=,p1dp1vWCJ5rwfTLvAH0ueqJMtUQ=
23,7,KTLXHnW+WsHJZAaJTC87FLLmGy0=,9skybILwS6ocGC+H+r59vm78gtA=
22,6,KTLXHnW+WsHJZAaJTC87FLLmGy0=,9skybILwS6ocGC+H+r59vm78gtA=
23,6,KTLXHnW+WsHJZAaJTC87FLLmGy0=,9skybILwS6ocGC+H+r59vm78gtA=
16,0,KTLXHnW+WsHJZAaJTC87FLLmGy0=,uzf62/O8mmEpuE/agYMP47UYFVU=
21,7,KTLXHnW+WsHJZAaJTC87FLLmGy0=,aozan2EO5RBBGyh0tIYEEBiTBRA=
22,2,KTLXHnW+WsHJZAaJTC87FLLmGy0=,9skybILwS6ocGC+H+r59vm78gtA=
21,8,KTLXHnW+WsHJZAaJTC87FLLmGy0=,gCjEPw3QAg7ERbNFXjWJkmTo4so=
22,0,KTLXHnW+WsHJZAaJTC87FLLmGy0=,JSOkfbffshor62zDOeMdUnMD55Y=
19,0,KTLXHnW+WsHJZAaJTC87FLLmGy0=,FO7L0G4Z9Rn8CPYhz9z29GngpL4=
20,1,KTLXHnW+WsHJZAaJTC87FLLmGy0=,gX+WwbdLvHx1NKqmJeBMkQyA0Ng=
19,1,KTLXHnW+WsHJZAaJTC87FLLmGy0=,FO7L0G4Z9Rn8CPYhz9z29GngpL4=
21,1,KTLXHnW+WsHJZAaJTC87FLLmGy0=,gX+WwbdLvHx1NKqmJeBMkQyA0Ng=
22,7,KTLXHnW+WsHJZAaJTC87FLLmGy0=,9skybILwS6ocGC+H+r59vm78gtA=
22,5,KTLXHnW+WsHJZAaJTC87FLLmGy0=,p1dp1vWCJ5rwfTLvAH0ueqJMtUQ=
21,0,KTLXHnW+WsHJZAaJTC87FLLmGy0=,gX+WwbdLvHx1NKqmJeBMkQyA0Ng=
21,2,KTLXHnW+WsHJZAaJTC87FLLmGy0=,AEe8aKXa22QAyWs8fZFa0Jrtk98=
21,5,KTLXHnW+WsHJZAaJTC87FLLmGy0=,9e1n9m7QmpKfQngQ1r/PzcGF1B8=
22,1,KTLXHnW+WsHJZAaJTC87FLLmGy0=,JSOkfbffshor62zDOeMdUnMD55Y=
20,2,KTLXHnW+WsHJZAaJTC87FLLmGy0=,AEe8aKXa22QAyWs8fZFa0Jrtk98=
19,2,KTLXHnW+WsHJZAaJTC87FLLmGy0=,cMkaq0RuHcdzfqmOmLvW3QYxfGc=
20,0,KTLXHnW+WsHJZAaJTC87FLLmGy0=,gX+WwbdLvHx1NKqmJeBMkQyA0Ng=
21,6,KTLXHnW+WsHJZAaJTC87FLLmGy0=,aozan2EO5RBBGyh0tIYEEBiTBRA=
