22,-2,7j51KiMpxdpEE38BnfoTo0fkwTg=,2jmj7l5rSw0yVb/vlWAYkK/YBwk=
22,-1,7j51KiMpxdpEE38BnfoTo0fkwTg=,2jmj7l5rSw0yVb/vlWAYkK/YBwk=
21,-11,7j51KiMpxdpEE38BnfoTo0fkwTg=,2jmj7l5rSw0yVb/vlWAYkK/YBwk=
21,-12,7j51KiMpxdpEE38BnfoTo0fkwTg=,2jmj7l5rSw0yVb/vlWAYkK/YBwk=
21,-9,7j51KiMpxdpEE38BnfoTo0fkwTg=,2jmj7l5rSw0yVb/vlWAYkK/YBwk=
21,-10,7j51KiMpxdpEE38BnfoTo0fkwTg=,2jmj7l5rSw0yVb/vlWAYkK/YBwk=
21,-15,7j51KiMpxdpEE38BnfoTo0fkwTg=,2jmj7l5rSw0yVb/vlWAYkK/YBwk=
21,-16,7j51KiMpxdpEE38BnfoTo0fkwTg=,2jmj7l5rSw0yVb/vlWAYkK/YBwk=
21,-13,7j51KiMpxdpEE38BnfoTo0fkwTg=,2jmj7l5rSw0yVb/vlWAYkK/YBwk=
21,-14,7j51KiMpxdpEE38BnfoTo0fkwTg=,2jmj7l5rSw0yVb/vlWAYkK/YBwk=
21,-3,7j51KiMpxdpEE38BnfoTo0fkwTg=,2jmj7l5rSw0yVb/vlWAYkK/YBwk=
21,-4,7j51KiMpxdpEE38BnfoTo0fkwTg=,2jmj7l5rSw0yVb/vlWAYkK/YBwk=
21,-1,7j51KiMpxdpEE38BnfoTo0fkwTg=,2jmj7l5rSw0yVb/vlWAYkK/YBwk=
21,-2,7j51KiMpxdpEE38BnfoTo0fkwTg=,2jmj7l5rSw0yVb/vlWAYkK/YBwk=
21,-7,7j51KiMpxdpEE38BnfoTo0fkwTg=,2jmj7l5rSw0yVb/vlWAYkK/YBwk=
21,-8,7j51KiMpxdpEE38BnfoTo0fkwTg=,2jmj7l5rSw0yVb/vlWAYkK/YBwk=
21,-5,7j51KiMpxdpEE38BnfoTo0fkwTg=,2jmj7l5rSw0yVb/vlWAYkK/YBwk=
21,-6,7j51KiMpxdpEE38BnfoTo0fkwTg=,2jmj7l5rSw0yVb/vlWAYkK/YBwk=
21,-27,7j51KiMpxdpEE38BnfoTo0fkwTg=,2jmj7l5rSw0yVb/vlWAYkK/YBwk=
21,-25,7j51KiMpxdpEE38BnfoTo0fkwTg=,2jmj7l5rSw0yVb/vlWAYkK/YBwk=
21,-26,7j51KiMpxdpEE38BnfoTo0fkwTg=,2jmj7l5rSw0yVb/vlWAYkK/YBwk=
21,-19,7j51KiMpxdpEE38BnfoTo0fkwTg=,2jmj7l5rSw0yVb/vlWAYkK/YBwk=
21,-20,EDJtmaQ7VWjOqYZJ1eG6BtWdRvU=,2jmj7l5rSw0yVb/vlWAYkK/YBwk=
21,-17,EDJtmaQ7VWjOqYZJ1eG6BtWdRvU=,2jmj7l5rSw0yVb/vlWAYkK/YBwk=
21,-18,EDJtmaQ7VWjOqYZJ1eG6BtWdRvU=,2jmj7l5rSw0yVb/vlWAYkK/YBwk=
21,-23,EDJtmaQ7VWjOqYZJ1eG6BtWdRvU=,2jmj7l5rSw0yVb/vlWAYkK/YBwk=
21,-24,EDJtmaQ7VWjOqYZJ1eG6BtWdRvU=,2jmj7l5rSw0yVb/vlWAYkK/YBwk=
21,-21,EDJtmaQ7VWjOqYZJ1eG6BtWdRvU=,2jmj7l5rSw0yVb/vlWAYkK/YBwk=
21,-22,EDJtmaQ7VWjOqYZJ1eG6BtWdRvU=,2jmj7l5rSw0yVb/vlWAYkK/YBwk=
20,-12,EDJtmaQ7VWjOqYZJ1eG6BtWdRvU=,2jmj7l5rSw0yVb/vlWAYkK/YBwk=
20,-11,EDJtmaQ7VWjOqYZJ1eG6BtWdRvU=,FMHVyciBvnyAm7txGJ6JvXq5N1E=
20,-10,EDJtmaQ7VWjOqYZJ1eG6BtWdRvU=,nR2riDrFa9q3SUWBIDG7cbguIvc=
20,-9,EDJtmaQ7VWjOqYZJ1eG6BtWdRvU=,nR2riDrFa9q3SUWBIDG7cbguIvc=
20,-16,EDJtmaQ7VWjOqYZJ1eG6BtWdRvU=,2jmj7l5rSw0yVb/vlWAYkK/YBwk=
20,-15,EDJtmaQ7VWjOqYZJ1eG6BtWdRvU=,2jmj7l5rSw0yVb/vlWAYkK/YBwk=
20,-14,EDJtmaQ7VWjOqYZJ1eG6BtWdRvU=,2jmj7l5rSw0yVb/vlWAYkK/YBwk=
20,-13,EDJtmaQ7VWjOqYZJ1eG6BtWdRvU=,2jmj7l5rSw0yVb/vlWAYkK/YBwk=
20,-4,EDJtmaQ7VWjOqYZJ1eG6BtWdRvU=,2jmj7l5rSw0yVb/vlWAYkK/YBwk=
20,-3,EDJtmaQ7VWjOqYZJ1eG6BtWdRvU=,2jmj7l5rSw0yVb/vlWAYkK/YBwk=
20,-2,EDJtmaQ7VWjOqYZJ1eG6BtWdRvU=,2jmj7l5rSw0yVb/vlWAYkK/YBwk=
20,-1,EDJtmaQ7VWjOqYZJ1eG6BtWdRvU=,2jmj7l5rSw0yVb/vlWAYkK/YBwk=
20,-8,EDJtmaQ7VWjOqYZJ1eG6BtWdRvU=,CgHnnJ7G6odbFr7Fn/jZbrDMYoA=
20,-7,EDJtmaQ7VWjOqYZJ1eG6BtWdRvU=,CgHnnJ7G6odbFr7Fn/jZbrDMYoA=
20,-6,EDJtmaQ7VWjOqYZJ1eG6BtWdRvU=,CgHnnJ7G6odbFr7Fn/jZbrDMYoA=
20,-5,EDJtmaQ7VWjOqYZJ1eG6BtWdRvU=,tPXIs4gJOsy2EKHE9V3YBof3pTg=
20,-28,EDJtmaQ7VWjOqYZJ1eG6BtWdRvU=,2jmj7l5rSw0yVb/vlWAYkK/YBwk=
20,-27,EDJtmaQ7VWjOqYZJ1eG6BtWdRvU=,2jmj7l5rSw0yVb/vlWAYkK/YBwk=
20,-26,EDJtmaQ7VWjOqYZJ1eG6BtWdRvU=,2jmj7l5rSw0yVb/vlWAYkK/YBwk=
20,-25,EDJtmaQ7VWjOqYZJ1eG6BtWdRvU=,2jmj7l5rSw0yVb/vlWAYkK/YBwk=
20,-29,EDJtmaQ7VWjOqYZJ1eG6BtWdRvU=,2jmj7l5rSw0yVb/vlWAYkK/YBwk=
20,-20,EDJtmaQ7VWjOqYZJ1eG6BtWdRvU=,2jmj7l5rSw0yVb/vlWAYkK/YBwk=
20,-19,EDJtmaQ7VWjOqYZJ1eG6BtWdRvU=,2jmj7l5rSw0yVb/vlWAYkK/YBwk=
20,-18,EDJtmaQ7VWjOqYZJ1eG6BtWdRvU=,2jmj7l5rSw0yVb/vlWAYkK/YBwk=
20,-17,EDJtmaQ7VWjOqYZJ1eG6BtWdRvU=,2jmj7l5rSw0yVb/vlWAYkK/YBwk=
20,-24,EDJtmaQ7VWjOqYZJ1eG6BtWdRvU=,2jmj7l5rSw0yVb/vlWAYkK/YBwk=
20,-23,EDJtmaQ7VWjOqYZJ1eG6BtWdRvU=,2jmj7l5rSw0yVb/vlWAYkK/YBwk=
20,-22,EDJtmaQ7VWjOqYZJ1eG6BtWdRvU=,2jmj7l5rSw0yVb/vlWAYkK/YBwk=
20,-21,EDJtmaQ7VWjOqYZJ1eG6BtWdRvU=,2jmj7l5rSw0yVb/vlWAYkK/YBwk=
19,-13,EDJtmaQ7VWjOqYZJ1eG6BtWdRvU=,2jmj7l5rSw0yVb/vlWAYkK/YBwk=
19,-14,EDJtmaQ7VWjOqYZJ1eG6BtWdRvU=,2jmj7l5rSw0yVb/vlWAYkK/YBwk=
19,-15,EDJtmaQ7VWjOqYZJ1eG6BtWdRvU=,2jmj7l5rSw0yVb/vlWAYkK/YBwk=
19,-16,EDJtmaQ7VWjOqYZJ1eG6BtWdRvU=,2jmj7l5rSw0yVb/vlWAYkK/YBwk=
19,-9,EDJtmaQ7VWjOqYZJ1eG6BtWdRvU=,oPDIMT87QF7zbjODhnzdgj7aoVc=
19,-10,EDJtmaQ7VWjOqYZJ1eG6BtWdRvU=,oPDIMT87QF7zbjODhnzdgj7aoVc=
19,-11,EDJtmaQ7VWjOqYZJ1eG6BtWdRvU=,nR2riDrFa9q3SUWBIDG7cbguIvc=
19,-12,EDJtmaQ7VWjOqYZJ1eG6BtWdRvU=,2jmj7l5rSw0yVb/vlWAYkK/YBwk=
19,-5,EDJtmaQ7VWjOqYZJ1eG6BtWdRvU=,oOlrLThMR3Bpi8F0sQeH99D1kN8=
19,-6,EDJtmaQ7VWjOqYZJ1eG6BtWdRvU=,4dmn6qu9vNTgRx3NyXUKv1FUrow=
19,-7,EDJtmaQ7VWjOqYZJ1eG6BtWdRvU=,4dmn6qu9vNTgRx3NyXUKv1FUrow=
19,-8,EDJtmaQ7VWjOqYZJ1eG6BtWdRvU=,4dmn6qu9vNTgRx3NyXUKv1FUrow=
19,-1,EDJtmaQ7VWjOqYZJ1eG6BtWdRvU=,2jmj7l5rSw0yVb/vlWAYkK/YBwk=
19,-2,EDJtmaQ7VWjOqYZJ1eG6BtWdRvU=,2jmj7l5rSw0yVb/vlWAYkK/YBwk=
19,-3,EDJtmaQ7VWjOqYZJ1eG6BtWdRvU=,2jmj7l5rSw0yVb/vlWAYkK/YBwk=
19,-4,EDJtmaQ7VWjOqYZJ1eG6BtWdRvU=,tPXIs4gJOsy2EKHE9V3YBof3pTg=
19,-29,EDJtmaQ7VWjOqYZJ1eG6BtWdRvU=,2jmj7l5rSw0yVb/vlWAYkK/YBwk=
19,-25,EDJtmaQ7VWjOqYZJ1eG6BtWdRvU=,2jmj7l5rSw0yVb/vlWAYkK/YBwk=
19,-26,EDJtmaQ7VWjOqYZJ1eG6BtWdRvU=,2jmj7l5rSw0yVb/vlWAYkK/YBwk=
19,-27,EDJtmaQ7VWjOqYZJ1eG6BtWdRvU=,2jmj7l5rSw0yVb/vlWAYkK/YBwk=
19,-28,EDJtmaQ7VWjOqYZJ1eG6BtWdRvU=,2jmj7l5rSw0yVb/vlWAYkK/YBwk=
19,-21,EDJtmaQ7VWjOqYZJ1eG6BtWdRvU=,2jmj7l5rSw0yVb/vlWAYkK/YBwk=
19,-22,EDJtmaQ7VWjOqYZJ1eG6BtWdRvU=,2jmj7l5rSw0yVb/vlWAYkK/YBwk=
19,-23,EDJtmaQ7VWjOqYZJ1eG6BtWdRvU=,2jmj7l5rSw0yVb/vlWAYkK/YBwk=
19,-24,EDJtmaQ7VWjOqYZJ1eG6BtWdRvU=,2jmj7l5rSw0yVb/vlWAYkK/YBwk=
19,-17,EDJtmaQ7VWjOqYZJ1eG6BtWdRvU=,2jmj7l5rSw0yVb/vlWAYkK/YBwk=
19,-18,EDJtmaQ7VWjOqYZJ1eG6BtWdRvU=,2jmj7l5rSw0yVb/vlWAYkK/YBwk=
19,-19,EDJtmaQ7VWjOqYZJ1eG6BtWdRvU=,2jmj7l5rSw0yVb/vlWAYkK/YBwk=
19,-20,EDJtmaQ7VWjOqYZJ1eG6BtWdRvU=,2jmj7l5rSw0yVb/vlWAYkK/YBwk=
18,-14,EDJtmaQ7VWjOqYZJ1eG6BtWdRvU=,2jmj7l5rSw0yVb/vlWAYkK/YBwk=
18,-13,EDJtmaQ7VWjOqYZJ1eG6BtWdRvU=,WXFPZY0m9MBvRtwfWF3W3iex9lE=
18,-16,EDJtmaQ7VWjOqYZJ1eG6BtWdRvU=,2jmj7l5rSw0yVb/vlWAYkK/YBwk=
18,-15,EDJtmaQ7VWjOqYZJ1eG6BtWdRvU=,2jmj7l5rSw0yVb/vlWAYkK/YBwk=
18,-10,EDJtmaQ7VWjOqYZJ1eG6BtWdRvU=,NbQhGFuxfEnMDyq/xhQkXeo+QQI=
18,-9,EDJtmaQ7VWjOqYZJ1eG6BtWdRvU=,oPDIMT87QF7zbjODhnzdgj7aoVc=
18,-12,EDJtmaQ7VWjOqYZJ1eG6BtWdRvU=,xnPEGC3d8SbfgPidVGNGPopO7Ik=
18,-11,EDJtmaQ7VWjOqYZJ1eG6BtWdRvU=,rJaITQECpE0n9w2s7hphHSJG8VI=
18,-6,EDJtmaQ7VWjOqYZJ1eG6BtWdRvU=,4dmn6qu9vNTgRx3NyXUKv1FUrow=
18,-5,EDJtmaQ7VWjOqYZJ1eG6BtWdRvU=,4dmn6qu9vNTgRx3NyXUKv1FUrow=
18,-8,EDJtmaQ7VWjOqYZJ1eG6BtWdRvU=,4dmn6qu9vNTgRx3NyXUKv1FUrow=
18,-7,EDJtmaQ7VWjOqYZJ1eG6BtWdRvU=,4dmn6qu9vNTgRx3NyXUKv1FUrow=
18,-2,EDJtmaQ7VWjOqYZJ1eG6BtWdRvU=,CgHnnJ7G6odbFr7Fn/jZbrDMYoA=
18,-1,EDJtmaQ7VWjOqYZJ1eG6BtWdRvU=,tPXIs4gJOsy2EKHE9V3YBof3pTg=
18,-4,EDJtmaQ7VWjOqYZJ1eG6BtWdRvU=,oOlrLThMR3Bpi8F0sQeH99D1kN8=
18,-3,EDJtmaQ7VWjOqYZJ1eG6BtWdRvU=,CgHnnJ7G6odbFr7Fn/jZbrDMYoA=
18,-29,EDJtmaQ7VWjOqYZJ1eG6BtWdRvU=,2jmj7l5rSw0yVb/vlWAYkK/YBwk=
18,-26,EDJtmaQ7VWjOqYZJ1eG6BtWdRvU=,2jmj7l5rSw0yVb/vlWAYkK/YBwk=
18,-25,EDJtmaQ7VWjOqYZJ1eG6BtWdRvU=,2jmj7l5rSw0yVb/vlWAYkK/YBwk=
18,-28,EDJtmaQ7VWjOqYZJ1eG6BtWdRvU=,2jmj7l5rSw0yVb/vlWAYkK/YBwk=
18,-27,EDJtmaQ7VWjOqYZJ1eG6BtWdRvU=,2jmj7l5rSw0yVb/vlWAYkK/YBwk=
18,-22,EDJtmaQ7VWjOqYZJ1eG6BtWdRvU=,2jmj7l5rSw0yVb/vlWAYkK/YBwk=
18,-21,EDJtmaQ7VWjOqYZJ1eG6BtWdRvU=,2jmj7l5rSw0yVb/vlWAYkK/YBwk=
18,-24,EDJtmaQ7VWjOqYZJ1eG6BtWdRvU=,2jmj7l5rSw0yVb/vlWAYkK/YBwk=
18,-23,EDJtmaQ7VWjOqYZJ1eG6BtWdRvU=,2jmj7l5rSw0yVb/vlWAYkK/YBwk=
18,-18,EDJtmaQ7VWjOqYZJ1eG6BtWdRvU=,2jmj7l5rSw0yVb/vlWAYkK/YBwk=
18,-17,EDJtmaQ7VWjOqYZJ1eG6BtWdRvU=,2jmj7l5rSw0yVb/vlWAYkK/YBwk=
18,-20,EDJtmaQ7VWjOqYZJ1eG6BtWdRvU=,2jmj7l5rSw0yVb/vlWAYkK/YBwk=
18,-19,EDJtmaQ7VWjOqYZJ1eG6BtWdRvU=,2jmj7l5rSw0yVb/vlWAYkK/YBwk=
17,-15,EDJtmaQ7VWjOqYZJ1eG6BtWdRvU=,WXFPZY0m9MBvRtwfWF3W3iex9lE=
17,-16,EDJtmaQ7VWjOqYZJ1eG6BtWdRvU=,2jmj7l5rSw0yVb/vlWAYkK/YBwk=
17,-13,EDJtmaQ7VWjOqYZJ1eG6BtWdRvU=,5/tFPE/CCU+P3BVcNyV4iRbFF+Q=
17,-14,EDJtmaQ7VWjOqYZJ1eG6BtWdRvU=,xnPEGC3d8SbfgPidVGNGPopO7Ik=
17,-11,EDJtmaQ7VWjOqYZJ1eG6BtWdRvU=,/q/+cQ/LQCIWI0LpVRGLBDljJpQ=
17,-12,EDJtmaQ7VWjOqYZJ1eG6BtWdRvU=,/q/+cQ/LQCIWI0LpVRGLBDljJpQ=
17,-9,EDJtmaQ7VWjOqYZJ1eG6BtWdRvU=,oPDIMT87QF7zbjODhnzdgj7aoVc=
17,-10,EDJtmaQ7VWjOqYZJ1eG6BtWdRvU=,6UbDrZnyVTe2EPKTmpQVPCw+Qdg=
17,-7,EDJtmaQ7VWjOqYZJ1eG6BtWdRvU=,4dmn6qu9vNTgRx3NyXUKv1FUrow=
17,-8,EDJtmaQ7VWjOqYZJ1eG6BtWdRvU=,4dmn6qu9vNTgRx3NyXUKv1FUrow=
17,-5,EDJtmaQ7VWjOqYZJ1eG6BtWdRvU=,4dmn6qu9vNTgRx3NyXUKv1FUrow=
17,-6,EDJtmaQ7VWjOqYZJ1eG6BtWdRvU=,4dmn6qu9vNTgRx3NyXUKv1FUrow=
17,-3,EDJtmaQ7VWjOqYZJ1eG6BtWdRvU=,4dmn6qu9vNTgRx3NyXUKv1FUrow=
17,-4,EDJtmaQ7VWjOqYZJ1eG6BtWdRvU=,4dmn6qu9vNTgRx3NyXUKv1FUrow=
17,-1,EDJtmaQ7VWjOqYZJ1eG6BtWdRvU=,oOlrLThMR3Bpi8F0sQeH99D1kN8=
17,-2,EDJtmaQ7VWjOqYZJ1eG6BtWdRvU=,4dmn6qu9vNTgRx3NyXUKv1FUrow=
17,-29,EDJtmaQ7VWjOqYZJ1eG6BtWdRvU=,2jmj7l5rSw0yVb/vlWAYkK/YBwk=
17,-27,EDJtmaQ7VWjOqYZJ1eG6BtWdRvU=,2jmj7l5rSw0yVb/vlWAYkK/YBwk=
17,-28,EDJtmaQ7VWjOqYZJ1eG6BtWdRvU=,2jmj7l5rSw0yVb/vlWAYkK/YBwk=
17,-25,EDJtmaQ7VWjOqYZJ1eG6BtWdRvU=,2jmj7l5rSw0yVb/vlWAYkK/YBwk=
17,-26,EDJtmaQ7VWjOqYZJ1eG6BtWdRvU=,2jmj7l5rSw0yVb/vlWAYkK/YBwk=
17,-23,EDJtmaQ7VWjOqYZJ1eG6BtWdRvU=,2jmj7l5rSw0yVb/vlWAYkK/YBwk=
17,-24,EDJtmaQ7VWjOqYZJ1eG6BtWdRvU=,2jmj7l5rSw0yVb/vlWAYkK/YBwk=
17,-21,EDJtmaQ7VWjOqYZJ1eG6BtWdRvU=,2jmj7l5rSw0yVb/vlWAYkK/YBwk=
17,-22,EDJtmaQ7VWjOqYZJ1eG6BtWdRvU=,2jmj7l5rSw0yVb/vlWAYkK/YBwk=
17,-19,EDJtmaQ7VWjOqYZJ1eG6BtWdRvU=,2jmj7l5rSw0yVb/vlWAYkK/YBwk=
17,-20,EDJtmaQ7VWjOqYZJ1eG6BtWdRvU=,2jmj7l5rSw0yVb/vlWAYkK/YBwk=
17,-17,iZbrHsWvCbVzcCHZ4Tfy8NgFIIs=,2jmj7l5rSw0yVb/vlWAYkK/YBwk=
17,-18,iZbrHsWvCbVzcCHZ4Tfy8NgFIIs=,2jmj7l5rSw0yVb/vlWAYkK/YBwk=
16,-16,iZbrHsWvCbVzcCHZ4Tfy8NgFIIs=,2jmj7l5rSw0yVb/vlWAYkK/YBwk=
16,-15,iZbrHsWvCbVzcCHZ4Tfy8NgFIIs=,xnPEGC3d8SbfgPidVGNGPopO7Ik=
16,-14,iZbrHsWvCbVzcCHZ4Tfy8NgFIIs=,/q/+cQ/LQCIWI0LpVRGLBDljJpQ=
16,-13,iZbrHsWvCbVzcCHZ4Tfy8NgFIIs=,/q/+cQ/LQCIWI0LpVRGLBDljJpQ=
16,-12,iZbrHsWvCbVzcCHZ4Tfy8NgFIIs=,/q/+cQ/LQCIWI0LpVRGLBDljJpQ=
16,-11,iZbrHsWvCbVzcCHZ4Tfy8NgFIIs=,/q/+cQ/LQCIWI0LpVRGLBDljJpQ=
16,-10,iZbrHsWvCbVzcCHZ4Tfy8NgFIIs=,6UbDrZnyVTe2EPKTmpQVPCw+Qdg=
16,-9,iZbrHsWvCbVzcCHZ4Tfy8NgFIIs=,oPDIMT87QF7zbjODhnzdgj7aoVc=
16,-8,iZbrHsWvCbVzcCHZ4Tfy8NgFIIs=,4dmn6qu9vNTgRx3NyXUKv1FUrow=
16,-7,iZbrHsWvCbVzcCHZ4Tfy8NgFIIs=,4dmn6qu9vNTgRx3NyXUKv1FUrow=
16,-6,iZbrHsWvCbVzcCHZ4Tfy8NgFIIs=,4dmn6qu9vNTgRx3NyXUKv1FUrow=
16,-5,iZbrHsWvCbVzcCHZ4Tfy8NgFIIs=,4dmn6qu9vNTgRx3NyXUKv1FUrow=
16,-4,iZbrHsWvCbVzcCHZ4Tfy8NgFIIs=,4dmn6qu9vNTgRx3NyXUKv1FUrow=
16,-3,iZbrHsWvCbVzcCHZ4Tfy8NgFIIs=,4dmn6qu9vNTgRx3NyXUKv1FUrow=
16,-2,iZbrHsWvCbVzcCHZ4Tfy8NgFIIs=,4dmn6qu9vNTgRx3NyXUKv1FUrow=
16,-1,iZbrHsWvCbVzcCHZ4Tfy8NgFIIs=,4dmn6qu9vNTgRx3NyXUKv1FUrow=
16,-29,iZbrHsWvCbVzcCHZ4Tfy8NgFIIs=,2jmj7l5rSw0yVb/vlWAYkK/YBwk=
16,-28,iZbrHsWvCbVzcCHZ4Tfy8NgFIIs=,2jmj7l5rSw0yVb/vlWAYkK/YBwk=
16,-27,iZbrHsWvCbVzcCHZ4Tfy8NgFIIs=,2jmj7l5rSw0yVb/vlWAYkK/YBwk=
16,-26,iZbrHsWvCbVzcCHZ4Tfy8NgFIIs=,2jmj7l5rSw0yVb/vlWAYkK/YBwk=
16,-25,iZbrHsWvCbVzcCHZ4Tfy8NgFIIs=,2jmj7l5rSw0yVb/vlWAYkK/YBwk=
16,-24,iZbrHsWvCbVzcCHZ4Tfy8NgFIIs=,2jmj7l5rSw0yVb/vlWAYkK/YBwk=
16,-23,iZbrHsWvCbVzcCHZ4Tfy8NgFIIs=,2jmj7l5rSw0yVb/vlWAYkK/YBwk=
16,-22,iZbrHsWvCbVzcCHZ4Tfy8NgFIIs=,2jmj7l5rSw0yVb/vlWAYkK/YBwk=
16,-21,iZbrHsWvCbVzcCHZ4Tfy8NgFIIs=,2jmj7l5rSw0yVb/vlWAYkK/YBwk=
16,-20,iZbrHsWvCbVzcCHZ4Tfy8NgFIIs=,2jmj7l5rSw0yVb/vlWAYkK/YBwk=
16,-19,iZbrHsWvCbVzcCHZ4Tfy8NgFIIs=,2jmj7l5rSw0yVb/vlWAYkK/YBwk=
16,-18,iZbrHsWvCbVzcCHZ4Tfy8NgFIIs=,2jmj7l5rSw0yVb/vlWAYkK/YBwk=
16,-17,iZbrHsWvCbVzcCHZ4Tfy8NgFIIs=,2jmj7l5rSw0yVb/vlWAYkK/YBwk=
15,-17,iZbrHsWvCbVzcCHZ4Tfy8NgFIIs=,GzT5CigPhRi+8axUwnVvZ1Z1zi0=
15,-18,iZbrHsWvCbVzcCHZ4Tfy8NgFIIs=,ic+DMCbicSDskv/e5J4yX1tPKJU=
15,-19,iZbrHsWvCbVzcCHZ4Tfy8NgFIIs=,2jmj7l5rSw0yVb/vlWAYkK/YBwk=
15,-20,iZbrHsWvCbVzcCHZ4Tfy8NgFIIs=,2jmj7l5rSw0yVb/vlWAYkK/YBwk=
15,-21,iZbrHsWvCbVzcCHZ4Tfy8NgFIIs=,2jmj7l5rSw0yVb/vlWAYkK/YBwk=
15,-22,iZbrHsWvCbVzcCHZ4Tfy8NgFIIs=,2jmj7l5rSw0yVb/vlWAYkK/YBwk=
15,-23,iZbrHsWvCbVzcCHZ4Tfy8NgFIIs=,2jmj7l5rSw0yVb/vlWAYkK/YBwk=
15,-24,iZbrHsWvCbVzcCHZ4Tfy8NgFIIs=,2jmj7l5rSw0yVb/vlWAYkK/YBwk=
15,-25,iZbrHsWvCbVzcCHZ4Tfy8NgFIIs=,2jmj7l5rSw0yVb/vlWAYkK/YBwk=
15,-26,iZbrHsWvCbVzcCHZ4Tfy8NgFIIs=,2jmj7l5rSw0yVb/vlWAYkK/YBwk=
15,-27,iZbrHsWvCbVzcCHZ4Tfy8NgFIIs=,2jmj7l5rSw0yVb/vlWAYkK/YBwk=
15,-28,iZbrHsWvCbVzcCHZ4Tfy8NgFIIs=,2jmj7l5rSw0yVb/vlWAYkK/YBwk=
15,-29,iZbrHsWvCbVzcCHZ4Tfy8NgFIIs=,2jmj7l5rSw0yVb/vlWAYkK/YBwk=
15,-1,iZbrHsWvCbVzcCHZ4Tfy8NgFIIs=,eAS4WAMS3UipVPJe/AdfC2v/SP8=
15,-2,iZbrHsWvCbVzcCHZ4Tfy8NgFIIs=,PZmiGZeRRvS/ZG7HJ/MqAgywXhk=
15,-3,iZbrHsWvCbVzcCHZ4Tfy8NgFIIs=,4sTpyfepHwLKgaUXmQqW8hkd8WA=
15,-4,iZbrHsWvCbVzcCHZ4Tfy8NgFIIs=,4sTpyfepHwLKgaUXmQqW8hkd8WA=
15,-5,iZbrHsWvCbVzcCHZ4Tfy8NgFIIs=,4sTpyfepHwLKgaUXmQqW8hkd8WA=
15,-6,iZbrHsWvCbVzcCHZ4Tfy8NgFIIs=,J/LaYBF6OLamB8av6alVQuPgVeg=
15,-7,iZbrHsWvCbVzcCHZ4Tfy8NgFIIs=,eAS4WAMS3UipVPJe/AdfC2v/SP8=
15,-8,iZbrHsWvCbVzcCHZ4Tfy8NgFIIs=,eAS4WAMS3UipVPJe/AdfC2v/SP8=
15,-9,iZbrHsWvCbVzcCHZ4Tfy8NgFIIs=,+srrknhCxYQfbokVWnrBU91Q7cs=
15,-10,iZbrHsWvCbVzcCHZ4Tfy8NgFIIs=,+srrknhCxYQfbokVWnrBU91Q7cs=
15,-11,iZbrHsWvCbVzcCHZ4Tfy8NgFIIs=,+srrknhCxYQfbokVWnrBU91Q7cs=
15,-12,iZbrHsWvCbVzcCHZ4Tfy8NgFIIs=,/Hp+fiv7a1PZRU5mf8nfySaKqZk=
15,-13,iZbrHsWvCbVzcCHZ4Tfy8NgFIIs=,9xJlO0azkx8Zs2IxFiRH2CRCnl0=
15,-14,iZbrHsWvCbVzcCHZ4Tfy8NgFIIs=,+srrknhCxYQfbokVWnrBU91Q7cs=
15,-15,iZbrHsWvCbVzcCHZ4Tfy8NgFIIs=,by09M/EOhu5wCx7ka+2x4t7/ylM=
15,-16,iZbrHsWvCbVzcCHZ4Tfy8NgFIIs=,l4l8ZDqEs5QtnNva1VvKiBAXhlc=
14,-18,iZbrHsWvCbVzcCHZ4Tfy8NgFIIs=,GzT5CigPhRi+8axUwnVvZ1Z1zi0=
14,-17,iZbrHsWvCbVzcCHZ4Tfy8NgFIIs=,EPuA+PYWBGBnqSesmgArvkSdYos=
14,-20,iZbrHsWvCbVzcCHZ4Tfy8NgFIIs=,2jmj7l5rSw0yVb/vlWAYkK/YBwk=
14,-19,iZbrHsWvCbVzcCHZ4Tfy8NgFIIs=,2jmj7l5rSw0yVb/vlWAYkK/YBwk=
14,-22,iZbrHsWvCbVzcCHZ4Tfy8NgFIIs=,2jmj7l5rSw0yVb/vlWAYkK/YBwk=
14,-21,iZbrHsWvCbVzcCHZ4Tfy8NgFIIs=,2jmj7l5rSw0yVb/vlWAYkK/YBwk=
14,-24,iZbrHsWvCbVzcCHZ4Tfy8NgFIIs=,2jmj7l5rSw0yVb/vlWAYkK/YBwk=
14,-23,iZbrHsWvCbVzcCHZ4Tfy8NgFIIs=,2jmj7l5rSw0yVb/vlWAYkK/YBwk=
14,-26,iZbrHsWvCbVzcCHZ4Tfy8NgFIIs=,2jmj7l5rSw0yVb/vlWAYkK/YBwk=
14,-25,iZbrHsWvCbVzcCHZ4Tfy8NgFIIs=,2jmj7l5rSw0yVb/vlWAYkK/YBwk=
14,-28,iZbrHsWvCbVzcCHZ4Tfy8NgFIIs=,2jmj7l5rSw0yVb/vlWAYkK/YBwk=
14,-27,iZbrHsWvCbVzcCHZ4Tfy8NgFIIs=,2jmj7l5rSw0yVb/vlWAYkK/YBwk=
14,-29,iZbrHsWvCbVzcCHZ4Tfy8NgFIIs=,2jmj7l5rSw0yVb/vlWAYkK/YBwk=
14,-2,iZbrHsWvCbVzcCHZ4Tfy8NgFIIs=,HZc4FTOJy4pN1J3Wfw273VqyQVk=
14,-1,iZbrHsWvCbVzcCHZ4Tfy8NgFIIs=,eAS4WAMS3UipVPJe/AdfC2v/SP8=
14,-4,iZbrHsWvCbVzcCHZ4Tfy8NgFIIs=,WlO1Nvy4wjHuJnlMSveNGlxdvNc=
14,-3,iZbrHsWvCbVzcCHZ4Tfy8NgFIIs=,WlO1Nvy4wjHuJnlMSveNGlxdvNc=
14,-6,iZbrHsWvCbVzcCHZ4Tfy8NgFIIs=,YfqOTURAKrBgAih/Uj0ce2IgrDw=
14,-5,iZbrHsWvCbVzcCHZ4Tfy8NgFIIs=,WlO1Nvy4wjHuJnlMSveNGlxdvNc=
14,-8,iZbrHsWvCbVzcCHZ4Tfy8NgFIIs=,eAS4WAMS3UipVPJe/AdfC2v/SP8=
14,-7,iZbrHsWvCbVzcCHZ4Tfy8NgFIIs=,eAS4WAMS3UipVPJe/AdfC2v/SP8=
14,-10,iZbrHsWvCbVzcCHZ4Tfy8NgFIIs=,Jm6ykiFdspWUOhMbWuhbosjzuKA=
14,-9,iZbrHsWvCbVzcCHZ4Tfy8NgFIIs=,Q3B2ZDXw5xAZHwqRojkLUHMEw6s=
14,-12,iZbrHsWvCbVzcCHZ4Tfy8NgFIIs=,YJw6q14VY/pBpckP/itoM6IG1eM=
14,-11,iZbrHsWvCbVzcCHZ4Tfy8NgFIIs=,Jm6ykiFdspWUOhMbWuhbosjzuKA=
14,-14,iZbrHsWvCbVzcCHZ4Tfy8NgFIIs=,32K+13Qi754f4vPefXNMsBy1gXQ=
14,-13,iZbrHsWvCbVzcCHZ4Tfy8NgFIIs=,6cnDRrXGfvKYVVJVfXLRWyBQFJ0=
14,-16,iZbrHsWvCbVzcCHZ4Tfy8NgFIIs=,nmVwpaEvEmaKy5KKMAKqL8Zn4UI=
14,-15,iZbrHsWvCbVzcCHZ4Tfy8NgFIIs=,nmVwpaEvEmaKy5KKMAKqL8Zn4UI=
13,-19,iZbrHsWvCbVzcCHZ4Tfy8NgFIIs=,ic+DMCbicSDskv/e5J4yX1tPKJU=
13,-20,iZbrHsWvCbVzcCHZ4Tfy8NgFIIs=,2jmj7l5rSw0yVb/vlWAYkK/YBwk=
13,-17,iZbrHsWvCbVzcCHZ4Tfy8NgFIIs=,EPuA+PYWBGBnqSesmgArvkSdYos=
13,-18,iZbrHsWvCbVzcCHZ4Tfy8NgFIIs=,69LKeqWy3lrGUN4Lc+HrT4qK/OM=
13,-23,iZbrHsWvCbVzcCHZ4Tfy8NgFIIs=,2jmj7l5rSw0yVb/vlWAYkK/YBwk=
13,-24,iZbrHsWvCbVzcCHZ4Tfy8NgFIIs=,2jmj7l5rSw0yVb/vlWAYkK/YBwk=
13,-21,iZbrHsWvCbVzcCHZ4Tfy8NgFIIs=,2jmj7l5rSw0yVb/vlWAYkK/YBwk=
13,-22,iZbrHsWvCbVzcCHZ4Tfy8NgFIIs=,2jmj7l5rSw0yVb/vlWAYkK/YBwk=
13,-27,iZbrHsWvCbVzcCHZ4Tfy8NgFIIs=,2jmj7l5rSw0yVb/vlWAYkK/YBwk=
13,-28,iZbrHsWvCbVzcCHZ4Tfy8NgFIIs=,2jmj7l5rSw0yVb/vlWAYkK/YBwk=
13,-25,iZbrHsWvCbVzcCHZ4Tfy8NgFIIs=,2jmj7l5rSw0yVb/vlWAYkK/YBwk=
13,-26,iZbrHsWvCbVzcCHZ4Tfy8NgFIIs=,2jmj7l5rSw0yVb/vlWAYkK/YBwk=
13,-29,iZbrHsWvCbVzcCHZ4Tfy8NgFIIs=,2jmj7l5rSw0yVb/vlWAYkK/YBwk=
13,-3,iZbrHsWvCbVzcCHZ4Tfy8NgFIIs=,WlO1Nvy4wjHuJnlMSveNGlxdvNc=
13,-4,iZbrHsWvCbVzcCHZ4Tfy8NgFIIs=,WlO1Nvy4wjHuJnlMSveNGlxdvNc=
13,-1,mdsNHicyuMNzulZ3kwhzwf63Vaw=,4sTpyfepHwLKgaUXmQqW8hkd8WA=
13,-2,mdsNHicyuMNzulZ3kwhzwf63Vaw=,k7hKzB+CvQ5USpsIqxS70xt8lKw=
13,-7,mdsNHicyuMNzulZ3kwhzwf63Vaw=,eAS4WAMS3UipVPJe/AdfC2v/SP8=
13,-8,mdsNHicyuMNzulZ3kwhzwf63Vaw=,eAS4WAMS3UipVPJe/AdfC2v/SP8=
13,-5,mdsNHicyuMNzulZ3kwhzwf63Vaw=,WlO1Nvy4wjHuJnlMSveNGlxdvNc=
13,-6,mdsNHicyuMNzulZ3kwhzwf63Vaw=,YfqOTURAKrBgAih/Uj0ce2IgrDw=
13,-11,mdsNHicyuMNzulZ3kwhzwf63Vaw=,wZs2UZSvdbSgB4zEF4OzVVFC+DI=
13,-12,mdsNHicyuMNzulZ3kwhzwf63Vaw=,nGUNRDa0315+zEn5bmhoDv+mwqY=
13,-9,mdsNHicyuMNzulZ3kwhzwf63Vaw=,MR8WtDkNSdUINxERn2SEk2W9zv8=
13,-10,mdsNHicyuMNzulZ3kwhzwf63Vaw=,+wxO7FtfZGEMzTVetJsXq+CsPZs=
13,-15,mdsNHicyuMNzulZ3kwhzwf63Vaw=,BF5p2ZA3cOm6Nh79VcesQ7dN4UM=
13,-16,mdsNHicyuMNzulZ3kwhzwf63Vaw=,BF5p2ZA3cOm6Nh79VcesQ7dN4UM=
13,-13,mdsNHicyuMNzulZ3kwhzwf63Vaw=,WUxmWZyA2/pVq/ZkrNhHFvMkshU=
13,-14,mdsNHicyuMNzulZ3kwhzwf63Vaw=,ZWJq3PRuWWV9wZkcCDxf7itd7VU=
12,-20,mdsNHicyuMNzulZ3kwhzwf63Vaw=,2jmj7l5rSw0yVb/vlWAYkK/YBwk=
12,-19,mdsNHicyuMNzulZ3kwhzwf63Vaw=,GzT5CigPhRi+8axUwnVvZ1Z1zi0=
12,-18,mdsNHicyuMNzulZ3kwhzwf63Vaw=,EPuA+PYWBGBnqSesmgArvkSdYos=
12,-17,mdsNHicyuMNzulZ3kwhzwf63Vaw=,EPuA+PYWBGBnqSesmgArvkSdYos=
12,-24,mdsNHicyuMNzulZ3kwhzwf63Vaw=,2jmj7l5rSw0yVb/vlWAYkK/YBwk=
12,-23,mdsNHicyuMNzulZ3kwhzwf63Vaw=,2jmj7l5rSw0yVb/vlWAYkK/YBwk=
12,-22,mdsNHicyuMNzulZ3kwhzwf63Vaw=,2jmj7l5rSw0yVb/vlWAYkK/YBwk=
12,-21,mdsNHicyuMNzulZ3kwhzwf63Vaw=,2jmj7l5rSw0yVb/vlWAYkK/YBwk=
12,-28,mdsNHicyuMNzulZ3kwhzwf63Vaw=,2jmj7l5rSw0yVb/vlWAYkK/YBwk=
12,-27,mdsNHicyuMNzulZ3kwhzwf63Vaw=,2jmj7l5rSw0yVb/vlWAYkK/YBwk=
12,-26,mdsNHicyuMNzulZ3kwhzwf63Vaw=,2jmj7l5rSw0yVb/vlWAYkK/YBwk=
12,-25,mdsNHicyuMNzulZ3kwhzwf63Vaw=,2jmj7l5rSw0yVb/vlWAYkK/YBwk=
12,-29,mdsNHicyuMNzulZ3kwhzwf63Vaw=,2jmj7l5rSw0yVb/vlWAYkK/YBwk=
12,-4,mdsNHicyuMNzulZ3kwhzwf63Vaw=,WqZmhBk/JRQ0e3W8u848S9IgNJE=
12,-3,mdsNHicyuMNzulZ3kwhzwf63Vaw=,f+vzeqEUpBUvBLA+9301vW0a1Y4=
12,-2,mdsNHicyuMNzulZ3kwhzwf63Vaw=,f+vzeqEUpBUvBLA+9301vW0a1Y4=
12,-1,mdsNHicyuMNzulZ3kwhzwf63Vaw=,tztrthU1tsuiwx+akxS0EK/GLU4=
12,-8,mdsNHicyuMNzulZ3kwhzwf63Vaw=,eAS4WAMS3UipVPJe/AdfC2v/SP8=
12,-7,mdsNHicyuMNzulZ3kwhzwf63Vaw=,eAS4WAMS3UipVPJe/AdfC2v/SP8=
12,-6,mdsNHicyuMNzulZ3kwhzwf63Vaw=,YfqOTURAKrBgAih/Uj0ce2IgrDw=
12,-5,mdsNHicyuMNzulZ3kwhzwf63Vaw=,WlO1Nvy4wjHuJnlMSveNGlxdvNc=
12,-12,mdsNHicyuMNzulZ3kwhzwf63Vaw=,Z1UojU5VWpKB5JwHrzgWtp2AjaQ=
12,-11,mdsNHicyuMNzulZ3kwhzwf63Vaw=,NLejGLH/A7bt+L9LWiZq4b1m5i0=
12,-10,mdsNHicyuMNzulZ3kwhzwf63Vaw=,HJcex3QLT4Q4vjoPbyv+PgqcbXk=
12,-9,mdsNHicyuMNzulZ3kwhzwf63Vaw=,wjejy1TKSbHEWVFJsmTOKzCsofk=
12,-16,mdsNHicyuMNzulZ3kwhzwf63Vaw=,BF5p2ZA3cOm6Nh79VcesQ7dN4UM=
12,-15,mdsNHicyuMNzulZ3kwhzwf63Vaw=,BF5p2ZA3cOm6Nh79VcesQ7dN4UM=
12,-14,mdsNHicyuMNzulZ3kwhzwf63Vaw=,c1fp6Vb/Wp1GlE9NC2RSLvy5uK0=
12,-13,mdsNHicyuMNzulZ3kwhzwf63Vaw=,CNQES8JLE5G1dASs3s6W8QDSzhg=
11,-21,mdsNHicyuMNzulZ3kwhzwf63Vaw=,2jmj7l5rSw0yVb/vlWAYkK/YBwk=
11,-22,mdsNHicyuMNzulZ3kwhzwf63Vaw=,2jmj7l5rSw0yVb/vlWAYkK/YBwk=
11,-23,mdsNHicyuMNzulZ3kwhzwf63Vaw=,2jmj7l5rSw0yVb/vlWAYkK/YBwk=
11,-24,mdsNHicyuMNzulZ3kwhzwf63Vaw=,2jmj7l5rSw0yVb/vlWAYkK/YBwk=
11,-17,mdsNHicyuMNzulZ3kwhzwf63Vaw=,EPuA+PYWBGBnqSesmgArvkSdYos=
11,-18,mdsNHicyuMNzulZ3kwhzwf63Vaw=,EPuA+PYWBGBnqSesmgArvkSdYos=
11,-19,mdsNHicyuMNzulZ3kwhzwf63Vaw=,GzT5CigPhRi+8axUwnVvZ1Z1zi0=
11,-20,mdsNHicyuMNzulZ3kwhzwf63Vaw=,2jmj7l5rSw0yVb/vlWAYkK/YBwk=
11,-29,mdsNHicyuMNzulZ3kwhzwf63Vaw=,2jmj7l5rSw0yVb/vlWAYkK/YBwk=
11,-25,mdsNHicyuMNzulZ3kwhzwf63Vaw=,2jmj7l5rSw0yVb/vlWAYkK/YBwk=
11,-26,mdsNHicyuMNzulZ3kwhzwf63Vaw=,2jmj7l5rSw0yVb/vlWAYkK/YBwk=
11,-27,mdsNHicyuMNzulZ3kwhzwf63Vaw=,2jmj7l5rSw0yVb/vlWAYkK/YBwk=
11,-28,mdsNHicyuMNzulZ3kwhzwf63Vaw=,2jmj7l5rSw0yVb/vlWAYkK/YBwk=
11,-5,mdsNHicyuMNzulZ3kwhzwf63Vaw=,V//h7U8MCE5PYo/jQp7vU3pmGPA=
11,-6,mdsNHicyuMNzulZ3kwhzwf63Vaw=,xx2trYgS3F93Jb9srSqRjHI2WEs=
11,-7,mdsNHicyuMNzulZ3kwhzwf63Vaw=,xYIS9dVgl1Yns85oX1hRoh3QGw8=
11,-8,mdsNHicyuMNzulZ3kwhzwf63Vaw=,lmYVkyjMcS1VNmTlKibbt9duJSA=
11,-1,mdsNHicyuMNzulZ3kwhzwf63Vaw=,u9zjqZc+VLuMmpb902G0iu8/jlY=
11,-2,mdsNHicyuMNzulZ3kwhzwf63Vaw=,UB3K17VDOolfhicrtGHjy8+UaBU=
11,-3,mdsNHicyuMNzulZ3kwhzwf63Vaw=,D06eEcBR0HPW3KDwPDuEeNbF2EU=
11,-4,mdsNHicyuMNzulZ3kwhzwf63Vaw=,i1Da7U5I7Hokn4S/Y2rPt2I0W98=
11,-13,mdsNHicyuMNzulZ3kwhzwf63Vaw=,+srrknhCxYQfbokVWnrBU91Q7cs=
11,-14,mdsNHicyuMNzulZ3kwhzwf63Vaw=,i99fm79IoP73rEsKmWIrB3yk8i4=
11,-15,mdsNHicyuMNzulZ3kwhzwf63Vaw=,PNy6Lrepz5m92UTH3dclF6goV08=
11,-16,mdsNHicyuMNzulZ3kwhzwf63Vaw=,BF5p2ZA3cOm6Nh79VcesQ7dN4UM=
11,-9,mdsNHicyuMNzulZ3kwhzwf63Vaw=,BF5p2ZA3cOm6Nh79VcesQ7dN4UM=
11,-10,mdsNHicyuMNzulZ3kwhzwf63Vaw=,h0Qssu52h79Oi8U/C99FRoGf55Q=
11,-11,mdsNHicyuMNzulZ3kwhzwf63Vaw=,NLejGLH/A7bt+L9LWiZq4b1m5i0=
11,-12,mdsNHicyuMNzulZ3kwhzwf63Vaw=,RTs5lPGndxoN8lsK2iyoE6eiOMY=
10,-22,mdsNHicyuMNzulZ3kwhzwf63Vaw=,2jmj7l5rSw0yVb/vlWAYkK/YBwk=
10,-21,mdsNHicyuMNzulZ3kwhzwf63Vaw=,2jmj7l5rSw0yVb/vlWAYkK/YBwk=
10,-24,mdsNHicyuMNzulZ3kwhzwf63Vaw=,2jmj7l5rSw0yVb/vlWAYkK/YBwk=
10,-23,mdsNHicyuMNzulZ3kwhzwf63Vaw=,2jmj7l5rSw0yVb/vlWAYkK/YBwk=
10,-18,mdsNHicyuMNzulZ3kwhzwf63Vaw=,EPuA+PYWBGBnqSesmgArvkSdYos=
10,-17,mdsNHicyuMNzulZ3kwhzwf63Vaw=,EPuA+PYWBGBnqSesmgArvkSdYos=
10,-20,mdsNHicyuMNzulZ3kwhzwf63Vaw=,2jmj7l5rSw0yVb/vlWAYkK/YBwk=
10,-19,mdsNHicyuMNzulZ3kwhzwf63Vaw=,GzT5CigPhRi+8axUwnVvZ1Z1zi0=
10,-29,mdsNHicyuMNzulZ3kwhzwf63Vaw=,2jmj7l5rSw0yVb/vlWAYkK/YBwk=
10,-26,mdsNHicyuMNzulZ3kwhzwf63Vaw=,2jmj7l5rSw0yVb/vlWAYkK/YBwk=
10,-25,mdsNHicyuMNzulZ3kwhzwf63Vaw=,2jmj7l5rSw0yVb/vlWAYkK/YBwk=
10,-28,mdsNHicyuMNzulZ3kwhzwf63Vaw=,2jmj7l5rSw0yVb/vlWAYkK/YBwk=
10,-27,mdsNHicyuMNzulZ3kwhzwf63Vaw=,2jmj7l5rSw0yVb/vlWAYkK/YBwk=
10,-6,mdsNHicyuMNzulZ3kwhzwf63Vaw=,FcNt0ExN2WN0Z8qXeSKBmuAFqwM=
10,-5,mdsNHicyuMNzulZ3kwhzwf63Vaw=,u3yXku4SQo1SXWNZIj0ZJRFU9yA=
10,-8,mdsNHicyuMNzulZ3kwhzwf63Vaw=,nG4BZTL3vaaf+gS3zdyV70IVTf0=
10,-7,mdsNHicyuMNzulZ3kwhzwf63Vaw=,sv3pGmSZuBvKhiuDpkeQg3tjawc=
10,-2,mdsNHicyuMNzulZ3kwhzwf63Vaw=,FcNt0ExN2WN0Z8qXeSKBmuAFqwM=
10,-1,mdsNHicyuMNzulZ3kwhzwf63Vaw=,u3yXku4SQo1SXWNZIj0ZJRFU9yA=
10,-4,mdsNHicyuMNzulZ3kwhzwf63Vaw=,eYIJ2ggceEvSzQNPANPo8LJfywA=
10,-3,aBKia8CUugwZxvpkUPmdgV2Y4vI=,KQBWiOYXbb0imkf+oI+E/XyHV6w=
10,-14,aBKia8CUugwZxvpkUPmdgV2Y4vI=,0k1lR4THyLbXdOLVgdNP5/hbPvw=
10,-13,aBKia8CUugwZxvpkUPmdgV2Y4vI=,+srrknhCxYQfbokVWnrBU91Q7cs=
10,-16,aBKia8CUugwZxvpkUPmdgV2Y4vI=,BF5p2ZA3cOm6Nh79VcesQ7dN4UM=
10,-15,aBKia8CUugwZxvpkUPmdgV2Y4vI=,q7WVxbi7UzcM3wPotm6uMvzWiFM=
10,-10,aBKia8CUugwZxvpkUPmdgV2Y4vI=,h0Qssu52h79Oi8U/C99FRoGf55Q=
10,-9,aBKia8CUugwZxvpkUPmdgV2Y4vI=,BF5p2ZA3cOm6Nh79VcesQ7dN4UM=
10,-12,aBKia8CUugwZxvpkUPmdgV2Y4vI=,RTs5lPGndxoN8lsK2iyoE6eiOMY=
10,-11,aBKia8CUugwZxvpkUPmdgV2Y4vI=,NLejGLH/A7bt+L9LWiZq4b1m5i0=
9,-23,aBKia8CUugwZxvpkUPmdgV2Y4vI=,2jmj7l5rSw0yVb/vlWAYkK/YBwk=
9,-24,aBKia8CUugwZxvpkUPmdgV2Y4vI=,2jmj7l5rSw0yVb/vlWAYkK/YBwk=
9,-21,aBKia8CUugwZxvpkUPmdgV2Y4vI=,2jmj7l5rSw0yVb/vlWAYkK/YBwk=
9,-22,aBKia8CUugwZxvpkUPmdgV2Y4vI=,2jmj7l5rSw0yVb/vlWAYkK/YBwk=
9,-19,aBKia8CUugwZxvpkUPmdgV2Y4vI=,GzT5CigPhRi+8axUwnVvZ1Z1zi0=
9,-20,aBKia8CUugwZxvpkUPmdgV2Y4vI=,2jmj7l5rSw0yVb/vlWAYkK/YBwk=
9,-17,aBKia8CUugwZxvpkUPmdgV2Y4vI=,EPuA+PYWBGBnqSesmgArvkSdYos=
9,-18,aBKia8CUugwZxvpkUPmdgV2Y4vI=,EPuA+PYWBGBnqSesmgArvkSdYos=
9,-29,aBKia8CUugwZxvpkUPmdgV2Y4vI=,2jmj7l5rSw0yVb/vlWAYkK/YBwk=
9,-27,aBKia8CUugwZxvpkUPmdgV2Y4vI=,2jmj7l5rSw0yVb/vlWAYkK/YBwk=
9,-28,aBKia8CUugwZxvpkUPmdgV2Y4vI=,2jmj7l5rSw0yVb/vlWAYkK/YBwk=
9,-25,aBKia8CUugwZxvpkUPmdgV2Y4vI=,2jmj7l5rSw0yVb/vlWAYkK/YBwk=
9,-26,aBKia8CUugwZxvpkUPmdgV2Y4vI=,2jmj7l5rSw0yVb/vlWAYkK/YBwk=
9,-7,aBKia8CUugwZxvpkUPmdgV2Y4vI=,eYIJ2ggceEvSzQNPANPo8LJfywA=
9,-8,aBKia8CUugwZxvpkUPmdgV2Y4vI=,Sjz97HOU/kmSQHH9DyA/LAfB/CU=
9,-5,aBKia8CUugwZxvpkUPmdgV2Y4vI=,sfZh6X4PXaEppjVxujIW52aSLDU=
9,-6,aBKia8CUugwZxvpkUPmdgV2Y4vI=,KQBWiOYXbb0imkf+oI+E/XyHV6w=
9,-3,aBKia8CUugwZxvpkUPmdgV2Y4vI=,eYIJ2ggceEvSzQNPANPo8LJfywA=
9,-4,aBKia8CUugwZxvpkUPmdgV2Y4vI=,eYIJ2ggceEvSzQNPANPo8LJfywA=
9,-1,aBKia8CUugwZxvpkUPmdgV2Y4vI=,NJRs0/wYekdn5T9LV51doR/0ndo=
9,-2,aBKia8CUugwZxvpkUPmdgV2Y4vI=,8TqoUfFL9dA5Codv/Uiw7ZU5l0w=
9,-15,aBKia8CUugwZxvpkUPmdgV2Y4vI=,q7WVxbi7UzcM3wPotm6uMvzWiFM=
9,-16,aBKia8CUugwZxvpkUPmdgV2Y4vI=,BF5p2ZA3cOm6Nh79VcesQ7dN4UM=
9,-13,aBKia8CUugwZxvpkUPmdgV2Y4vI=,29T/2rOnoof5q/W2DEVU3b2znnE=
9,-14,aBKia8CUugwZxvpkUPmdgV2Y4vI=,F2ZSm7ASh02j7PiuXTjWUGnVoDc=
9,-11,aBKia8CUugwZxvpkUPmdgV2Y4vI=,/ts+SsBLmK4HHnRYJfB9mjsR5R0=
9,-12,aBKia8CUugwZxvpkUPmdgV2Y4vI=,BFh9TNRdzWRNdcXmu+DYBJHVqKA=
9,-9,aBKia8CUugwZxvpkUPmdgV2Y4vI=,BF5p2ZA3cOm6Nh79VcesQ7dN4UM=
9,-10,aBKia8CUugwZxvpkUPmdgV2Y4vI=,h0Qssu52h79Oi8U/C99FRoGf55Q=
8,-24,aBKia8CUugwZxvpkUPmdgV2Y4vI=,2jmj7l5rSw0yVb/vlWAYkK/YBwk=
8,-23,aBKia8CUugwZxvpkUPmdgV2Y4vI=,2jmj7l5rSw0yVb/vlWAYkK/YBwk=
8,-22,aBKia8CUugwZxvpkUPmdgV2Y4vI=,2jmj7l5rSw0yVb/vlWAYkK/YBwk=
8,-21,aBKia8CUugwZxvpkUPmdgV2Y4vI=,2jmj7l5rSw0yVb/vlWAYkK/YBwk=
8,-20,aBKia8CUugwZxvpkUPmdgV2Y4vI=,2jmj7l5rSw0yVb/vlWAYkK/YBwk=
8,-19,aBKia8CUugwZxvpkUPmdgV2Y4vI=,GzT5CigPhRi+8axUwnVvZ1Z1zi0=
8,-18,aBKia8CUugwZxvpkUPmdgV2Y4vI=,EPuA+PYWBGBnqSesmgArvkSdYos=
8,-17,aBKia8CUugwZxvpkUPmdgV2Y4vI=,EPuA+PYWBGBnqSesmgArvkSdYos=
8,-29,aBKia8CUugwZxvpkUPmdgV2Y4vI=,2jmj7l5rSw0yVb/vlWAYkK/YBwk=
8,-28,aBKia8CUugwZxvpkUPmdgV2Y4vI=,2jmj7l5rSw0yVb/vlWAYkK/YBwk=
8,-27,aBKia8CUugwZxvpkUPmdgV2Y4vI=,2jmj7l5rSw0yVb/vlWAYkK/YBwk=
8,-26,aBKia8CUugwZxvpkUPmdgV2Y4vI=,2jmj7l5rSw0yVb/vlWAYkK/YBwk=
8,-25,aBKia8CUugwZxvpkUPmdgV2Y4vI=,2jmj7l5rSw0yVb/vlWAYkK/YBwk=
8,-8,aBKia8CUugwZxvpkUPmdgV2Y4vI=,3M26FAi7FHbH/ZnGLdsrlVTzQ70=
8,-7,aBKia8CUugwZxvpkUPmdgV2Y4vI=,O19H8YsPA7e7w/ldn3w54nvBuCI=
8,-6,aBKia8CUugwZxvpkUPmdgV2Y4vI=,oY72jtFurWMcrlgPl4Hc5lnpI3Y=
8,-5,aBKia8CUugwZxvpkUPmdgV2Y4vI=,eYIJ2ggceEvSzQNPANPo8LJfywA=
8,-4,aBKia8CUugwZxvpkUPmdgV2Y4vI=,eYIJ2ggceEvSzQNPANPo8LJfywA=
8,-3,aBKia8CUugwZxvpkUPmdgV2Y4vI=,eYIJ2ggceEvSzQNPANPo8LJfywA=
8,-2,aBKia8CUugwZxvpkUPmdgV2Y4vI=,xJNi49jxIuJdUeDkKINGQ/JH5JY=
8,-1,aBKia8CUugwZxvpkUPmdgV2Y4vI=,NjqF73ap5qCf2bKatlLWv/CpU8Q=
8,-16,aBKia8CUugwZxvpkUPmdgV2Y4vI=,BF5p2ZA3cOm6Nh79VcesQ7dN4UM=
8,-15,aBKia8CUugwZxvpkUPmdgV2Y4vI=,HAoS1oHCD1BD0cuJkb16xjH38Bk=
8,-14,aBKia8CUugwZxvpkUPmdgV2Y4vI=,hvvs71DawbloH+9bvfDpccrGTCE=
8,-13,aBKia8CUugwZxvpkUPmdgV2Y4vI=,hvvs71DawbloH+9bvfDpccrGTCE=
8,-12,aBKia8CUugwZxvpkUPmdgV2Y4vI=,hvvs71DawbloH+9bvfDpccrGTCE=
8,-11,aBKia8CUugwZxvpkUPmdgV2Y4vI=,ch/g7yUmxQBiZkhH7BENayqbZec=
8,-10,aBKia8CUugwZxvpkUPmdgV2Y4vI=,R8T85H8TzrOhd2QlMBfTNBVFeIc=
8,-9,aBKia8CUugwZxvpkUPmdgV2Y4vI=,BF5p2ZA3cOm6Nh79VcesQ7dN4UM=
7,-25,aBKia8CUugwZxvpkUPmdgV2Y4vI=,2jmj7l5rSw0yVb/vlWAYkK/YBwk=
7,-26,aBKia8CUugwZxvpkUPmdgV2Y4vI=,2jmj7l5rSw0yVb/vlWAYkK/YBwk=
7,-27,aBKia8CUugwZxvpkUPmdgV2Y4vI=,2jmj7l5rSw0yVb/vlWAYkK/YBwk=
7,-28,aBKia8CUugwZxvpkUPmdgV2Y4vI=,2jmj7l5rSw0yVb/vlWAYkK/YBwk=
7,-29,aBKia8CUugwZxvpkUPmdgV2Y4vI=,2jmj7l5rSw0yVb/vlWAYkK/YBwk=
7,-17,aBKia8CUugwZxvpkUPmdgV2Y4vI=,pcx90A2qc2ieqeqxhzsz6FbAsy0=
7,-18,aBKia8CUugwZxvpkUPmdgV2Y4vI=,w7fuU1Ch/4HIP6Fu6N3CJKUPXYk=
7,-19,aBKia8CUugwZxvpkUPmdgV2Y4vI=,vfCBi6CFcBSPhNQwuALSXy94/Uc=
7,-20,aBKia8CUugwZxvpkUPmdgV2Y4vI=,2jmj7l5rSw0yVb/vlWAYkK/YBwk=
7,-21,aBKia8CUugwZxvpkUPmdgV2Y4vI=,2jmj7l5rSw0yVb/vlWAYkK/YBwk=
7,-22,aBKia8CUugwZxvpkUPmdgV2Y4vI=,2jmj7l5rSw0yVb/vlWAYkK/YBwk=
7,-23,aBKia8CUugwZxvpkUPmdgV2Y4vI=,2jmj7l5rSw0yVb/vlWAYkK/YBwk=
7,-24,aBKia8CUugwZxvpkUPmdgV2Y4vI=,2jmj7l5rSw0yVb/vlWAYkK/YBwk=
7,-9,aBKia8CUugwZxvpkUPmdgV2Y4vI=,GjWdJTwzoduvvVzpiNCmO6P2bo0=
7,-10,aBKia8CUugwZxvpkUPmdgV2Y4vI=,GjWdJTwzoduvvVzpiNCmO6P2bo0=
7,-11,aBKia8CUugwZxvpkUPmdgV2Y4vI=,GjWdJTwzoduvvVzpiNCmO6P2bo0=
7,-12,aBKia8CUugwZxvpkUPmdgV2Y4vI=,GjWdJTwzoduvvVzpiNCmO6P2bo0=
7,-13,aBKia8CUugwZxvpkUPmdgV2Y4vI=,GjWdJTwzoduvvVzpiNCmO6P2bo0=
7,-14,aBKia8CUugwZxvpkUPmdgV2Y4vI=,GjWdJTwzoduvvVzpiNCmO6P2bo0=
7,-15,aBKia8CUugwZxvpkUPmdgV2Y4vI=,GjWdJTwzoduvvVzpiNCmO6P2bo0=
7,-16,aBKia8CUugwZxvpkUPmdgV2Y4vI=,GjWdJTwzoduvvVzpiNCmO6P2bo0=
7,-1,aBKia8CUugwZxvpkUPmdgV2Y4vI=,pGbmC/V0wuJB+UU5byBGzTBMwJM=
7,-2,aBKia8CUugwZxvpkUPmdgV2Y4vI=,pGbmC/V0wuJB+UU5byBGzTBMwJM=
7,-3,aBKia8CUugwZxvpkUPmdgV2Y4vI=,uQSNACCqeUGUok43JnrmaeWxtO4=
7,-4,aBKia8CUugwZxvpkUPmdgV2Y4vI=,+SLNX5ikN8X6fXTAAgNsaiZJeRw=
7,-5,aBKia8CUugwZxvpkUPmdgV2Y4vI=,4oJhZJolBasQb1SxSJ4QYb2fOgs=
7,-6,aBKia8CUugwZxvpkUPmdgV2Y4vI=,qdQVK/iXhT3L8XAHyRfp4bsyLJU=
7,-7,aBKia8CUugwZxvpkUPmdgV2Y4vI=,YQHtDogZeOV+i+OTVRU3og0rlfc=
7,-8,CRfcYRFD3zPlHfFJ1dxhT2ln8C0=,EEuoGlJUQcQGRKJhSiScMzO8hXg=
6,-26,CRfcYRFD3zPlHfFJ1dxhT2ln8C0=,2jmj7l5rSw0yVb/vlWAYkK/YBwk=
6,-25,CRfcYRFD3zPlHfFJ1dxhT2ln8C0=,2jmj7l5rSw0yVb/vlWAYkK/YBwk=
6,-28,CRfcYRFD3zPlHfFJ1dxhT2ln8C0=,2jmj7l5rSw0yVb/vlWAYkK/YBwk=
6,-27,CRfcYRFD3zPlHfFJ1dxhT2ln8C0=,2jmj7l5rSw0yVb/vlWAYkK/YBwk=
6,-29,CRfcYRFD3zPlHfFJ1dxhT2ln8C0=,2jmj7l5rSw0yVb/vlWAYkK/YBwk=
6,-18,CRfcYRFD3zPlHfFJ1dxhT2ln8C0=,vfCBi6CFcBSPhNQwuALSXy94/Uc=
6,-17,CRfcYRFD3zPlHfFJ1dxhT2ln8C0=,K6/ktTgoJy4JktsktCXtI+i0Hcs=
6,-20,CRfcYRFD3zPlHfFJ1dxhT2ln8C0=,2jmj7l5rSw0yVb/vlWAYkK/YBwk=
6,-19,CRfcYRFD3zPlHfFJ1dxhT2ln8C0=,2jmj7l5rSw0yVb/vlWAYkK/YBwk=
6,-22,CRfcYRFD3zPlHfFJ1dxhT2ln8C0=,2jmj7l5rSw0yVb/vlWAYkK/YBwk=
6,-21,CRfcYRFD3zPlHfFJ1dxhT2ln8C0=,2jmj7l5rSw0yVb/vlWAYkK/YBwk=
6,-24,CRfcYRFD3zPlHfFJ1dxhT2ln8C0=,2jmj7l5rSw0yVb/vlWAYkK/YBwk=
6,-23,CRfcYRFD3zPlHfFJ1dxhT2ln8C0=,2jmj7l5rSw0yVb/vlWAYkK/YBwk=
6,-10,CRfcYRFD3zPlHfFJ1dxhT2ln8C0=,GNpBLqHufriEnpgJKnk0Lpl+7YI=
6,-9,CRfcYRFD3zPlHfFJ1dxhT2ln8C0=,GjWdJTwzoduvvVzpiNCmO6P2bo0=
6,-12,CRfcYRFD3zPlHfFJ1dxhT2ln8C0=,80X0c/a6OqZLmmZW/Fp4b2Js3lQ=
6,-11,CRfcYRFD3zPlHfFJ1dxhT2ln8C0=,80X0c/a6OqZLmmZW/Fp4b2Js3lQ=
6,-14,CRfcYRFD3zPlHfFJ1dxhT2ln8C0=,yRI13yaOJ0C76hfjDzame0VKeV4=
6,-13,CRfcYRFD3zPlHfFJ1dxhT2ln8C0=,80X0c/a6OqZLmmZW/Fp4b2Js3lQ=
6,-16,CRfcYRFD3zPlHfFJ1dxhT2ln8C0=,8h5z2G8m7PesL/dqVuKZju9pOnk=
6,-15,CRfcYRFD3zPlHfFJ1dxhT2ln8C0=,5goCTxbkT35fVGTwlRkRYqTAiE8=
6,-2,CRfcYRFD3zPlHfFJ1dxhT2ln8C0=,uQSNACCqeUGUok43JnrmaeWxtO4=
6,-1,CRfcYRFD3zPlHfFJ1dxhT2ln8C0=,pGbmC/V0wuJB+UU5byBGzTBMwJM=
6,-4,CRfcYRFD3zPlHfFJ1dxhT2ln8C0=,Ks+VZ2N1OSWsu5fSXEJL4r/i38Y=
6,-3,CRfcYRFD3zPlHfFJ1dxhT2ln8C0=,+n4yyh7K9+GDqsKmSclpva1fTm4=
6,-6,CRfcYRFD3zPlHfFJ1dxhT2ln8C0=,7j/hF8UKLewX6/tDjAoRRIbq6O4=
6,-5,CRfcYRFD3zPlHfFJ1dxhT2ln8C0=,f4Po5Pfy5ZTEqK7E8Ehglgv5IvA=
6,-8,CRfcYRFD3zPlHfFJ1dxhT2ln8C0=,VmB324d+tyxjRr91Rb+T1rFV654=
6,-7,CRfcYRFD3zPlHfFJ1dxhT2ln8C0=,8PhtS6zeFfxP8WQeu6rarvfGN8Q=
5,-27,CRfcYRFD3zPlHfFJ1dxhT2ln8C0=,2jmj7l5rSw0yVb/vlWAYkK/YBwk=
5,-28,CRfcYRFD3zPlHfFJ1dxhT2ln8C0=,2jmj7l5rSw0yVb/vlWAYkK/YBwk=
5,-25,CRfcYRFD3zPlHfFJ1dxhT2ln8C0=,2jmj7l5rSw0yVb/vlWAYkK/YBwk=
5,-26,CRfcYRFD3zPlHfFJ1dxhT2ln8C0=,2jmj7l5rSw0yVb/vlWAYkK/YBwk=
5,-29,CRfcYRFD3zPlHfFJ1dxhT2ln8C0=,2jmj7l5rSw0yVb/vlWAYkK/YBwk=
5,-19,CRfcYRFD3zPlHfFJ1dxhT2ln8C0=,2jmj7l5rSw0yVb/vlWAYkK/YBwk=
5,-20,CRfcYRFD3zPlHfFJ1dxhT2ln8C0=,2jmj7l5rSw0yVb/vlWAYkK/YBwk=
5,-17,CRfcYRFD3zPlHfFJ1dxhT2ln8C0=,2jmj7l5rSw0yVb/vlWAYkK/YBwk=
5,-18,CRfcYRFD3zPlHfFJ1dxhT2ln8C0=,2jmj7l5rSw0yVb/vlWAYkK/YBwk=
5,-23,CRfcYRFD3zPlHfFJ1dxhT2ln8C0=,2jmj7l5rSw0yVb/vlWAYkK/YBwk=
5,-24,CRfcYRFD3zPlHfFJ1dxhT2ln8C0=,2jmj7l5rSw0yVb/vlWAYkK/YBwk=
5,-21,CRfcYRFD3zPlHfFJ1dxhT2ln8C0=,2jmj7l5rSw0yVb/vlWAYkK/YBwk=
5,-22,CRfcYRFD3zPlHfFJ1dxhT2ln8C0=,2jmj7l5rSw0yVb/vlWAYkK/YBwk=
5,-11,CRfcYRFD3zPlHfFJ1dxhT2ln8C0=,EqKYuYk9elL2FAfNv7uYpiOseVo=
5,-12,CRfcYRFD3zPlHfFJ1dxhT2ln8C0=,IdjBSC5fCN+E++Jl9DWph36NHsU=
5,-9,CRfcYRFD3zPlHfFJ1dxhT2ln8C0=,GjWdJTwzoduvvVzpiNCmO6P2bo0=
5,-10,CRfcYRFD3zPlHfFJ1dxhT2ln8C0=,XK5qo0z0WsoIYXi9c1ypNvRc1bs=
5,-15,CRfcYRFD3zPlHfFJ1dxhT2ln8C0=,8h5z2G8m7PesL/dqVuKZju9pOnk=
5,-16,CRfcYRFD3zPlHfFJ1dxhT2ln8C0=,2jmj7l5rSw0yVb/vlWAYkK/YBwk=
5,-13,CRfcYRFD3zPlHfFJ1dxhT2ln8C0=,0wNgjzIQngR936zR2QODwUYxC/U=
5,-14,CRfcYRFD3zPlHfFJ1dxhT2ln8C0=,LK2L34uTKojzHtGtVkCWZb2feKo=
5,-3,CRfcYRFD3zPlHfFJ1dxhT2ln8C0=,x1KqDuuaGv5TorxFMuKgrwtxTZQ=
5,-4,CRfcYRFD3zPlHfFJ1dxhT2ln8C0=,pGbmC/V0wuJB+UU5byBGzTBMwJM=
5,-1,CRfcYRFD3zPlHfFJ1dxhT2ln8C0=,pGbmC/V0wuJB+UU5byBGzTBMwJM=
5,-2,CRfcYRFD3zPlHfFJ1dxhT2ln8C0=,j7D/bZUhe9GWnrChz23WtBkUhrc=
5,-7,CRfcYRFD3zPlHfFJ1dxhT2ln8C0=,Q/P0GwznTWJKS496Nrlvw6ScFc4=
5,-8,CRfcYRFD3zPlHfFJ1dxhT2ln8C0=,VmB324d+tyxjRr91Rb+T1rFV654=
5,-5,CRfcYRFD3zPlHfFJ1dxhT2ln8C0=,f4Po5Pfy5ZTEqK7E8Ehglgv5IvA=
5,-6,CRfcYRFD3zPlHfFJ1dxhT2ln8C0=,TsB8FHQS/E58Tf4C404sbwWurhQ=
4,-28,CRfcYRFD3zPlHfFJ1dxhT2ln8C0=,2jmj7l5rSw0yVb/vlWAYkK/YBwk=
4,-27,CRfcYRFD3zPlHfFJ1dxhT2ln8C0=,2jmj7l5rSw0yVb/vlWAYkK/YBwk=
4,-26,CRfcYRFD3zPlHfFJ1dxhT2ln8C0=,2jmj7l5rSw0yVb/vlWAYkK/YBwk=
4,-25,CRfcYRFD3zPlHfFJ1dxhT2ln8C0=,2jmj7l5rSw0yVb/vlWAYkK/YBwk=
4,-29,CRfcYRFD3zPlHfFJ1dxhT2ln8C0=,2jmj7l5rSw0yVb/vlWAYkK/YBwk=
4,-20,CRfcYRFD3zPlHfFJ1dxhT2ln8C0=,2jmj7l5rSw0yVb/vlWAYkK/YBwk=
4,-19,CRfcYRFD3zPlHfFJ1dxhT2ln8C0=,2jmj7l5rSw0yVb/vlWAYkK/YBwk=
4,-18,CRfcYRFD3zPlHfFJ1dxhT2ln8C0=,2jmj7l5rSw0yVb/vlWAYkK/YBwk=
4,-17,CRfcYRFD3zPlHfFJ1dxhT2ln8C0=,2jmj7l5rSw0yVb/vlWAYkK/YBwk=
4,-24,CRfcYRFD3zPlHfFJ1dxhT2ln8C0=,2jmj7l5rSw0yVb/vlWAYkK/YBwk=
4,-23,CRfcYRFD3zPlHfFJ1dxhT2ln8C0=,2jmj7l5rSw0yVb/vlWAYkK/YBwk=
4,-22,CRfcYRFD3zPlHfFJ1dxhT2ln8C0=,2jmj7l5rSw0yVb/vlWAYkK/YBwk=
4,-21,CRfcYRFD3zPlHfFJ1dxhT2ln8C0=,2jmj7l5rSw0yVb/vlWAYkK/YBwk=
4,-12,CRfcYRFD3zPlHfFJ1dxhT2ln8C0=,EejNj5MLxz1N8RsZXhU5auJg+4A=
4,-11,CRfcYRFD3zPlHfFJ1dxhT2ln8C0=,cywoBYu9/N/EYSpIzt7ckR68hsI=
4,-10,CRfcYRFD3zPlHfFJ1dxhT2ln8C0=,XK5qo0z0WsoIYXi9c1ypNvRc1bs=
4,-9,CRfcYRFD3zPlHfFJ1dxhT2ln8C0=,GjWdJTwzoduvvVzpiNCmO6P2bo0=
4,-16,CRfcYRFD3zPlHfFJ1dxhT2ln8C0=,2jmj7l5rSw0yVb/vlWAYkK/YBwk=
4,-15,CRfcYRFD3zPlHfFJ1dxhT2ln8C0=,qbIYDqkkFUB7d/8QbGuHCjv73Y8=
4,-14,CRfcYRFD3zPlHfFJ1dxhT2ln8C0=,BkCu8P9UuJPC6aLU6Iaz8Qitu08=
4,-13,CRfcYRFD3zPlHfFJ1dxhT2ln8C0=,0wNgjzIQngR936zR2QODwUYxC/U=
4,-4,CRfcYRFD3zPlHfFJ1dxhT2ln8C0=,pGbmC/V0wuJB+UU5byBGzTBMwJM=
4,-3,CRfcYRFD3zPlHfFJ1dxhT2ln8C0=,x1KqDuuaGv5TorxFMuKgrwtxTZQ=
4,-2,CRfcYRFD3zPlHfFJ1dxhT2ln8C0=,eM3Jp2jUJi2m0oDhuNZuyA3A8GY=
4,-1,CRfcYRFD3zPlHfFJ1dxhT2ln8C0=,uQSNACCqeUGUok43JnrmaeWxtO4=
4,-8,CRfcYRFD3zPlHfFJ1dxhT2ln8C0=,VmB324d+tyxjRr91Rb+T1rFV654=
4,-7,CRfcYRFD3zPlHfFJ1dxhT2ln8C0=,Q/P0GwznTWJKS496Nrlvw6ScFc4=
4,-6,CRfcYRFD3zPlHfFJ1dxhT2ln8C0=,TsB8FHQS/E58Tf4C404sbwWurhQ=
4,-5,CRfcYRFD3zPlHfFJ1dxhT2ln8C0=,f4Po5Pfy5ZTEqK7E8Ehglgv5IvA=
3,-29,CRfcYRFD3zPlHfFJ1dxhT2ln8C0=,2jmj7l5rSw0yVb/vlWAYkK/YBwk=
3,-25,CRfcYRFD3zPlHfFJ1dxhT2ln8C0=,2jmj7l5rSw0yVb/vlWAYkK/YBwk=
3,-26,CRfcYRFD3zPlHfFJ1dxhT2ln8C0=,2jmj7l5rSw0yVb/vlWAYkK/YBwk=
3,-27,CRfcYRFD3zPlHfFJ1dxhT2ln8C0=,2jmj7l5rSw0yVb/vlWAYkK/YBwk=
3,-28,CRfcYRFD3zPlHfFJ1dxhT2ln8C0=,2jmj7l5rSw0yVb/vlWAYkK/YBwk=
3,-21,CRfcYRFD3zPlHfFJ1dxhT2ln8C0=,2jmj7l5rSw0yVb/vlWAYkK/YBwk=
3,-22,CRfcYRFD3zPlHfFJ1dxhT2ln8C0=,2jmj7l5rSw0yVb/vlWAYkK/YBwk=
3,-23,CRfcYRFD3zPlHfFJ1dxhT2ln8C0=,2jmj7l5rSw0yVb/vlWAYkK/YBwk=
3,-24,CRfcYRFD3zPlHfFJ1dxhT2ln8C0=,2jmj7l5rSw0yVb/vlWAYkK/YBwk=
3,-17,CRfcYRFD3zPlHfFJ1dxhT2ln8C0=,K6/ktTgoJy4JktsktCXtI+i0Hcs=
3,-18,CRfcYRFD3zPlHfFJ1dxhT2ln8C0=,vfCBi6CFcBSPhNQwuALSXy94/Uc=
3,-19,CRfcYRFD3zPlHfFJ1dxhT2ln8C0=,2jmj7l5rSw0yVb/vlWAYkK/YBwk=
3,-20,CRfcYRFD3zPlHfFJ1dxhT2ln8C0=,2jmj7l5rSw0yVb/vlWAYkK/YBwk=
3,-13,CRfcYRFD3zPlHfFJ1dxhT2ln8C0=,0wNgjzIQngR936zR2QODwUYxC/U=
3,-14,CRfcYRFD3zPlHfFJ1dxhT2ln8C0=,0wNgjzIQngR936zR2QODwUYxC/U=
3,-15,CRfcYRFD3zPlHfFJ1dxhT2ln8C0=,YyLZ9T0fOpyYZnM3Z8FFMpAUFNA=
3,-16,CRfcYRFD3zPlHfFJ1dxhT2ln8C0=,LyyWuAOH9hBbAZ9WdKa70I2X3BM=
3,-9,CRfcYRFD3zPlHfFJ1dxhT2ln8C0=,GjWdJTwzoduvvVzpiNCmO6P2bo0=
3,-10,CRfcYRFD3zPlHfFJ1dxhT2ln8C0=,XK5qo0z0WsoIYXi9c1ypNvRc1bs=
3,-11,CRfcYRFD3zPlHfFJ1dxhT2ln8C0=,cywoBYu9/N/EYSpIzt7ckR68hsI=
3,-12,CRfcYRFD3zPlHfFJ1dxhT2ln8C0=,EejNj5MLxz1N8RsZXhU5auJg+4A=
3,-5,PNH4jsayojMHvbKK0ouxF2HFgSk=,YGFmybO4DJiMasyHXcZ8FCvS1Gk=
3,-6,PNH4jsayojMHvbKK0ouxF2HFgSk=,b53ILv6QF1OLVnJSiU52p6j0Hes=
3,-7,PNH4jsayojMHvbKK0ouxF2HFgSk=,BFcDVwYnEU8WDoxQVGIDTsjafd4=
3,-8,PNH4jsayojMHvbKK0ouxF2HFgSk=,VmB324d+tyxjRr91Rb+T1rFV654=
3,-1,PNH4jsayojMHvbKK0ouxF2HFgSk=,j7D/bZUhe9GWnrChz23WtBkUhrc=
3,-2,PNH4jsayojMHvbKK0ouxF2HFgSk=,4RehrndUcGJVuZIGrZb4yjPjMdA=
3,-3,PNH4jsayojMHvbKK0ouxF2HFgSk=,x1KqDuuaGv5TorxFMuKgrwtxTZQ=
3,-4,PNH4jsayojMHvbKK0ouxF2HFgSk=,pGbmC/V0wuJB+UU5byBGzTBMwJM=
2,-29,PNH4jsayojMHvbKK0ouxF2HFgSk=,2jmj7l5rSw0yVb/vlWAYkK/YBwk=
2,-26,PNH4jsayojMHvbKK0ouxF2HFgSk=,2jmj7l5rSw0yVb/vlWAYkK/YBwk=
2,-25,PNH4jsayojMHvbKK0ouxF2HFgSk=,2jmj7l5rSw0yVb/vlWAYkK/YBwk=
2,-28,PNH4jsayojMHvbKK0ouxF2HFgSk=,2jmj7l5rSw0yVb/vlWAYkK/YBwk=
2,-27,PNH4jsayojMHvbKK0ouxF2HFgSk=,2jmj7l5rSw0yVb/vlWAYkK/YBwk=
2,-22,PNH4jsayojMHvbKK0ouxF2HFgSk=,2jmj7l5rSw0yVb/vlWAYkK/YBwk=
2,-21,PNH4jsayojMHvbKK0ouxF2HFgSk=,2jmj7l5rSw0yVb/vlWAYkK/YBwk=
2,-24,PNH4jsayojMHvbKK0ouxF2HFgSk=,2jmj7l5rSw0yVb/vlWAYkK/YBwk=
2,-23,PNH4jsayojMHvbKK0ouxF2HFgSk=,2jmj7l5rSw0yVb/vlWAYkK/YBwk=
2,-18,PNH4jsayojMHvbKK0ouxF2HFgSk=,w7fuU1Ch/4HIP6Fu6N3CJKUPXYk=
2,-17,PNH4jsayojMHvbKK0ouxF2HFgSk=,pcx90A2qc2ieqeqxhzsz6FbAsy0=
2,-20,PNH4jsayojMHvbKK0ouxF2HFgSk=,vfCBi6CFcBSPhNQwuALSXy94/Uc=
2,-19,PNH4jsayojMHvbKK0ouxF2HFgSk=,K6/ktTgoJy4JktsktCXtI+i0Hcs=
2,-14,PNH4jsayojMHvbKK0ouxF2HFgSk=,0wNgjzIQngR936zR2QODwUYxC/U=
2,-13,PNH4jsayojMHvbKK0ouxF2HFgSk=,0wNgjzIQngR936zR2QODwUYxC/U=
2,-16,PNH4jsayojMHvbKK0ouxF2HFgSk=,WQ+B8gfomIpfomSC6DYaaz4Rbbk=
2,-15,PNH4jsayojMHvbKK0ouxF2HFgSk=,WQ+B8gfomIpfomSC6DYaaz4Rbbk=
2,-10,PNH4jsayojMHvbKK0ouxF2HFgSk=,XK5qo0z0WsoIYXi9c1ypNvRc1bs=
2,-9,PNH4jsayojMHvbKK0ouxF2HFgSk=,GjWdJTwzoduvvVzpiNCmO6P2bo0=
2,-12,PNH4jsayojMHvbKK0ouxF2HFgSk=,EejNj5MLxz1N8RsZXhU5auJg+4A=
2,-11,PNH4jsayojMHvbKK0ouxF2HFgSk=,cywoBYu9/N/EYSpIzt7ckR68hsI=
2,-6,PNH4jsayojMHvbKK0ouxF2HFgSk=,U8tg/U5gq74Jd15JL8MndIPnTks=
2,-5,PNH4jsayojMHvbKK0ouxF2HFgSk=,ieA75pKVRqpqj2wnnGw3mH31JNU=
2,-8,PNH4jsayojMHvbKK0ouxF2HFgSk=,VmB324d+tyxjRr91Rb+T1rFV654=
2,-7,PNH4jsayojMHvbKK0ouxF2HFgSk=,hnctWV3IN6ZcWlsZlBXE0iDsQZk=
2,-2,PNH4jsayojMHvbKK0ouxF2HFgSk=,LqBxcuJ9uOthZukls0CNg4a/D9s=
2,-1,PNH4jsayojMHvbKK0ouxF2HFgSk=,fZv1UckPPEbDV2wAiLMnOwAFd4g=
2,-4,PNH4jsayojMHvbKK0ouxF2HFgSk=,8rwgG8NX1dMyZGESUsRB3oqK43A=
2,-3,PNH4jsayojMHvbKK0ouxF2HFgSk=,UYOhxs+yZBd0hZ7zDDK3AZaDbhU=
1,-29,PNH4jsayojMHvbKK0ouxF2HFgSk=,2jmj7l5rSw0yVb/vlWAYkK/YBwk=
1,-27,PNH4jsayojMHvbKK0ouxF2HFgSk=,2jmj7l5rSw0yVb/vlWAYkK/YBwk=
1,-28,PNH4jsayojMHvbKK0ouxF2HFgSk=,2jmj7l5rSw0yVb/vlWAYkK/YBwk=
1,-25,PNH4jsayojMHvbKK0ouxF2HFgSk=,K6/ktTgoJy4JktsktCXtI+i0Hcs=
1,-26,PNH4jsayojMHvbKK0ouxF2HFgSk=,vfCBi6CFcBSPhNQwuALSXy94/Uc=
1,-23,PNH4jsayojMHvbKK0ouxF2HFgSk=,K6/ktTgoJy4JktsktCXtI+i0Hcs=
1,-24,PNH4jsayojMHvbKK0ouxF2HFgSk=,K6/ktTgoJy4JktsktCXtI+i0Hcs=
1,-21,PNH4jsayojMHvbKK0ouxF2HFgSk=,K6/ktTgoJy4JktsktCXtI+i0Hcs=
1,-22,PNH4jsayojMHvbKK0ouxF2HFgSk=,K6/ktTgoJy4JktsktCXtI+i0Hcs=
1,-19,PNH4jsayojMHvbKK0ouxF2HFgSk=,pcx90A2qc2ieqeqxhzsz6FbAsy0=
1,-20,PNH4jsayojMHvbKK0ouxF2HFgSk=,w7fuU1Ch/4HIP6Fu6N3CJKUPXYk=
1,-17,PNH4jsayojMHvbKK0ouxF2HFgSk=,pcx90A2qc2ieqeqxhzsz6FbAsy0=
1,-18,PNH4jsayojMHvbKK0ouxF2HFgSk=,pcx90A2qc2ieqeqxhzsz6FbAsy0=
1,-15,PNH4jsayojMHvbKK0ouxF2HFgSk=,BkCu8P9UuJPC6aLU6Iaz8Qitu08=
1,-16,PNH4jsayojMHvbKK0ouxF2HFgSk=,0D9N8gXMiWgTM9E01XzPVYQBcWc=
1,-13,PNH4jsayojMHvbKK0ouxF2HFgSk=,g2fvpHrRNd3Zgrrgu2+J9ggE+9E=
1,-14,PNH4jsayojMHvbKK0ouxF2HFgSk=,hshkgL4/V6NO5CxNEjc7DKx4vCo=
1,-11,PNH4jsayojMHvbKK0ouxF2HFgSk=,lDWwqKYC8Gy5zv92TkKtteIDRPg=
1,-12,PNH4jsayojMHvbKK0ouxF2HFgSk=,GUoQ9TE7CZsIzG0GTSfkrpnVjf8=
1,-9,PNH4jsayojMHvbKK0ouxF2HFgSk=,lsoXnSUAb8JtAMvSaYsANvv3r4o=
1,-10,PNH4jsayojMHvbKK0ouxF2HFgSk=,OA3ipNHf/7WdlkkN+CSk8A2kg64=
1,-7,PNH4jsayojMHvbKK0ouxF2HFgSk=,vh9bxRNCOVjhmeYXxr3WiI345Ng=
1,-8,PNH4jsayojMHvbKK0ouxF2HFgSk=,PPHPbScyVKwR2AotVldfWlA6Luc=
1,-5,PNH4jsayojMHvbKK0ouxF2HFgSk=,iwc1cpICcfboHXDfe17Ysx8P4kY=
1,-6,PNH4jsayojMHvbKK0ouxF2HFgSk=,LkOo78qtXHeM4WCeuS0435AHptc=
1,-3,PNH4jsayojMHvbKK0ouxF2HFgSk=,k3eQVKxmReJIvuAzSrTX1OWCpUg=
1,-4,PNH4jsayojMHvbKK0ouxF2HFgSk=,czLEQcSFQMxjWAl/vgMGq7NLYxw=
1,-1,PNH4jsayojMHvbKK0ouxF2HFgSk=,VstZgt1myCSur5OP2jAP8Jb1zY4=
1,-2,PNH4jsayojMHvbKK0ouxF2HFgSk=,k3eQVKxmReJIvuAzSrTX1OWCpUg=
0,-29,PNH4jsayojMHvbKK0ouxF2HFgSk=,2jmj7l5rSw0yVb/vlWAYkK/YBwk=
0,-28,PNH4jsayojMHvbKK0ouxF2HFgSk=,2jmj7l5rSw0yVb/vlWAYkK/YBwk=
0,-27,PNH4jsayojMHvbKK0ouxF2HFgSk=,2jmj7l5rSw0yVb/vlWAYkK/YBwk=
0,-26,PNH4jsayojMHvbKK0ouxF2HFgSk=,K6/ktTgoJy4JktsktCXtI+i0Hcs=
0,-25,PNH4jsayojMHvbKK0ouxF2HFgSk=,pcx90A2qc2ieqeqxhzsz6FbAsy0=
0,-24,PNH4jsayojMHvbKK0ouxF2HFgSk=,pcx90A2qc2ieqeqxhzsz6FbAsy0=
0,-23,PNH4jsayojMHvbKK0ouxF2HFgSk=,pcx90A2qc2ieqeqxhzsz6FbAsy0=
0,-22,PNH4jsayojMHvbKK0ouxF2HFgSk=,pcx90A2qc2ieqeqxhzsz6FbAsy0=
0,-21,PNH4jsayojMHvbKK0ouxF2HFgSk=,pcx90A2qc2ieqeqxhzsz6FbAsy0=
0,-20,PNH4jsayojMHvbKK0ouxF2HFgSk=,pcx90A2qc2ieqeqxhzsz6FbAsy0=
0,-19,PNH4jsayojMHvbKK0ouxF2HFgSk=,pcx90A2qc2ieqeqxhzsz6FbAsy0=
0,-18,PNH4jsayojMHvbKK0ouxF2HFgSk=,pcx90A2qc2ieqeqxhzsz6FbAsy0=
0,-17,PNH4jsayojMHvbKK0ouxF2HFgSk=,pcx90A2qc2ieqeqxhzsz6FbAsy0=
0,-16,PNH4jsayojMHvbKK0ouxF2HFgSk=,a6JS0qO7hGjSNbwwyLBysBzt+dw=
0,-15,PNH4jsayojMHvbKK0ouxF2HFgSk=,g2fvpHrRNd3Zgrrgu2+J9ggE+9E=
0,-14,PNH4jsayojMHvbKK0ouxF2HFgSk=,a6JS0qO7hGjSNbwwyLBysBzt+dw=
0,-13,PNH4jsayojMHvbKK0ouxF2HFgSk=,GjWdJTwzoduvvVzpiNCmO6P2bo0=
0,-12,PNH4jsayojMHvbKK0ouxF2HFgSk=,GjWdJTwzoduvvVzpiNCmO6P2bo0=
0,-11,PNH4jsayojMHvbKK0ouxF2HFgSk=,CBXDd55oUmv/Oo0WEm2IGcsCanI=
0,-10,PNH4jsayojMHvbKK0ouxF2HFgSk=,640Y9xMz2f08e1mQ4VB3suf+7DM=
0,-9,PNH4jsayojMHvbKK0ouxF2HFgSk=,yeGOEdPJms/Nbbe24mpMpkZFTbg=
0,-8,PNH4jsayojMHvbKK0ouxF2HFgSk=,pGbmC/V0wuJB+UU5byBGzTBMwJM=
0,-7,PNH4jsayojMHvbKK0ouxF2HFgSk=,PPHPbScyVKwR2AotVldfWlA6Luc=
0,-6,PNH4jsayojMHvbKK0ouxF2HFgSk=,LVNoqkU4gaE2r0GPxfG0jeCPYiM=
0,-5,PNH4jsayojMHvbKK0ouxF2HFgSk=,pGbmC/V0wuJB+UU5byBGzTBMwJM=
0,-4,PNH4jsayojMHvbKK0ouxF2HFgSk=,aV6/lzTAx5axrKkKD3f6uxRRFrU=
0,-3,PNH4jsayojMHvbKK0ouxF2HFgSk=,iwc1cpICcfboHXDfe17Ysx8P4kY=
0,-2,PNH4jsayojMHvbKK0ouxF2HFgSk=,iwc1cpICcfboHXDfe17Ysx8P4kY=
0,-1,PNH4jsayojMHvbKK0ouxF2HFgSk=,97SV6r1fTaonnWnVMmy/hcfIuuY=
